time,state,altitude,temp,abPct,acx,acy,acz,gyx,gyy,gyz,vertVel,latVel,totVel
-500,1,4.52,22,0,-0.19,0.2,1.11,-4.2,0.1,7,-5.83,201.22,201.3
-475,1,4.85,22,0,-0.19,0.2,1.11,-4.2,0,4.2,-3.33,201.28,201.3
-450,1,3.6,22,0,-0.2,0.2,1.1,-4,0,5.7,9.16,201.1,201.31
-425,1,4.52,22,0,-0.19,0.19,1.12,-4.1,-0.8,10.9,-12.49,200.92,201.31
-400,1,4.52,22,0,-0.2,0.2,1.11,-4.2,-0.6,9,-3.33,201.28,201.31
-375,1,3.6,22,0,-0.21,0.19,1.1,-4.4,-0.6,6.8,5.83,201.23,201.31
-350,1,4.52,22,0,-0.19,0.21,1.11,-4.3,-0.9,4,-9.16,201.11,201.32
-325,1,3.6,22,0,-0.14,0.2,1.11,-4.4,-0.9,7,-3.33,201.29,201.32
-300,1,3.94,22,0,-0.17,0.18,1.11,-4.6,-0.9,9.8,0,201.32,201.32
-275,1,3.6,22,0,-0.19,0.19,1.11,-4.8,-1,7.8,-5.83,201.24,201.33
-250,1,3.6,22,0,-0.19,0.2,1.11,-4.7,-0.9,5.5,-9.16,201.12,201.33
-225,1,3.6,22,0,-0.19,0.17,1.11,-4.8,-0.9,4.5,0,201.33,201.33
-200,1,3.6,22,0,-0.15,0.19,1.11,-4.5,-0.9,4.8,-9.16,201.13,201.33
-175,1,4.85,22,0,-0.16,0.2,1.11,-4.6,-1.3,9.5,0,201.34,201.34
-150,1,3.94,22,0,-0.18,0.18,1.11,-4.7,-0.9,9.6,9.16,201.13,201.34
-125,1,3.6,22,0,-0.22,0.19,1.11,-4.7,-0.9,0.9,3.33,201.31,201.34
-100,1,4.52,22,0,-0.16,0.18,1.1,-4.4,-0.9,1.5,0,201.34,201.34
-75,1,1.77,22,0,1.31,-0.46,12.92,4.9,7.7,14.7,9.16,201.14,201.35
-50,1,4.52,22,0,-0.1,0.83,5.67,1.8,1.7,-21.9,-18.32,200.51,201.34
-25,1,5.77,22,0,-1.01,-2.5,5.68,-4.8,-1.5,19.2,-3.33,201.32,201.35
0,2,5.44,22,0,-1.24,0.07,7.08,-2.7,-3.7,43.1,18.33,200.5,201.34
25,2,5.44,22,0,0.88,0.11,7.54,-2.5,3.3,-16,18.32,200.52,201.35
50,2,6.35,22,0,0.72,1.15,7.85,-9,-0.7,-24,9.16,201.14,201.35
75,2,6.35,22,0,0.45,-0.54,7.09,-6.8,-5,13.7,45.82,196.08,201.36
100,2,8.1,22,0,-0.98,-0.67,6.61,-6.1,10.2,34.3,18.33,200.52,201.36
125,2,7.19,22,0,-0.29,0.18,7.42,-0.1,-2,51.9,23.33,200,201.36
150,2,10.27,22,0,-0.16,-0.42,7.39,1.9,-3.1,51.2,17.49,200.61,201.37
175,2,9.02,22,0,-0.28,-0.05,7.66,11.3,0,59.8,48.33,195.48,201.37
200,2,11.77,22,0,-0.01,0.22,7.38,11.7,0.1,46.3,26.66,199.6,201.37
225,2,11.77,22,0,-0.29,-0.04,7.27,9.9,1.1,34.8,54.17,193.96,201.38
250,2,12.69,22,0,-0.52,0.13,7.38,6.6,0.6,28,36.67,198.02,201.38
275,2,13.61,22,0,-0.73,-0.26,7.23,3.4,4.2,55.7,55.01,193.73,201.39
300,2,15.44,22,0,-0.35,-0.01,7.07,-1.4,6,74.6,33.34,198.62,201.4
325,2,16.36,22,0,-0.33,-0.15,7.21,-6.7,9.8,65.2,64.2,190.9,201.4
350,2,17.19,22,0,-0.54,-0.13,7.01,-12.9,13.2,79.9,45.86,196.12,201.41
375,2,18.11,22,0,-0.25,-0.21,6.78,-19.6,25.1,57.2,54.2,193.98,201.41
400,2,17.19,22,0,-0.31,0,6.59,-24.1,26.5,74.7,54.2,193.99,201.42
425,2,18.11,22,0,-0.42,0.15,6.55,-27.7,26.8,88.9,35.86,198.2,201.42
450,2,19.03,22,0,-0.35,-0.16,6.18,-31.2,29.4,112.6,26.68,199.65,201.43
475,2,19.03,22,0,-0.43,0.15,6.31,-35.2,27.6,149.2,26.69,199.66,201.43
500,2,19.95,22,0,-0.4,0.2,6.32,-34.2,25.8,170.8,18.34,200.6,201.44
525,2,20.86,22,0,-0.03,0.43,6.17,-32.9,26.5,187.6,18.35,200.61,201.45
550,2,20.86,22,0,-0.43,0.42,5.96,-28.2,24.8,202.2,36.7,198.08,201.46
575,2,19.03,22,0,-0.14,0.25,5.76,-21.7,17.6,236.2,27.53,199.57,201.46
600,2,20.86,22,0,-0.36,0.51,5.77,-14.2,14.9,252.2,0,201.47,201.47
625,2,22.7,22,0,-0.09,0.45,5.65,-11.3,9.7,269,18.35,200.64,201.48
650,2,24.54,22,0,-0.19,0.57,5.57,-4.7,4.1,283.8,27.53,199.6,201.49
675,2,27.21,22,0,-0.48,0.51,5.68,2,-10.6,306.5,36.72,198.12,201.5
700,2,27.21,22,0,-0.31,0.42,5.69,1.8,-17,320.1,63.43,191.26,201.51
725,2,28.13,22,0,-0.38,0.47,5.55,-0.8,-18.4,336.8,81.79,184.17,201.51
750,2,29.38,22,0,-0.43,0.66,5.47,0.8,-16.4,346.1,72.62,187.98,201.52
775,2,31.22,22,0,-0.39,0.46,5.3,10.5,-13.3,355.7,66.78,190.15,201.53
800,2,32.13,22,0,-0.39,0.61,5.31,18.4,-10.9,362,66.79,190.15,201.54
825,2,33.39,22,0,-0.48,0.36,4.65,26.7,-16.4,371.1,49.27,195.44,201.55
850,2,33.97,22,0,-0.66,0.39,4.09,28.2,-14.1,379,61.8,191.85,201.56
875,2,38.32,22,0,-0.69,0.75,2.06,27.9,-8.1,396.1,58.46,192.91,201.57
900,2,38.32,22,0,-0.67,0.59,1.2,29.5,-0.9,403.8,89.39,180.67,201.58
925,2,41.33,22,0,-0.8,0.31,0.34,29.4,10.1,420.2,71.02,188.67,201.59
950,2,42.58,22,0,-0.44,0.52,0,31,22,434.4,91.93,179.42,201.6
975,2,43.84,22,0,-1,0.59,-0.39,25.2,32.4,453.1,91.94,179.42,201.6
1000,2,46.01,22,0,-0.35,0.79,-0.51,21.5,24.1,459.3,98.63,175.84,201.61
1025,2,47.85,22,0,-0.55,0.91,0.17,21.5,12.1,448.1,76.92,186.37,201.62
1050,2,49.11,21,0,-0.24,0.76,-0.18,23.7,12.4,456.4,95.33,177.67,201.63
1075,2,54.88,21,0,-0.91,-0.34,-0.38,4.4,4.1,466.4,77.78,186.03,201.64
1100,2,56.14,21,0,-0.42,0.35,-0.4,-6.9,3.2,466.9,122.99,159.79,201.64
1125,2,57.39,21,0,-0.54,0.42,-0.33,-13,3.7,466.6,123,159.78,201.64
1150,2,59.57,21,0,-0.32,0.14,-0.54,-21.2,10.7,461.9,113.82,166.45,201.65
1175,2,59.9,21,0,-0.25,0.43,-0.43,-21.4,20.4,459.3,117.19,164.1,201.65
1200,2,63,21,0,-0.16,0.78,-0.29,-9.2,25.1,448.9,107.98,170.3,201.66
1225,2,64.85,21,0,-0.28,0.56,-0.37,-6.2,18.1,444.9,81.23,184.58,201.66
1250,2,66.1,21,0,-0.14,0.62,-0.25,-4.7,16.6,446.7,87.11,181.88,201.67
1275,2,69.12,21,0,-0.19,0.61,-0.26,-4.2,-1.6,445.2,87.12,181.88,201.67
1300,2,70.38,21,0,-0.32,0.55,-0.26,-8.1,-4.7,444.2,95.52,177.62,201.68
1325,2,71.3,21,0,-0.27,0.51,-0.27,-10.8,-8.9,442.1,104.75,172.35,201.68
1350,2,73.48,21,0,-0.3,0.52,-0.27,-13.8,-9.4,439.9,82.97,183.83,201.69
1375,2,75.66,21,0,-0.44,0.54,-0.31,-14.9,-6.7,440.9,86.34,182.27,201.69
1400,2,77.51,21,0,-0.25,0.86,-0.2,-11.2,0.6,425.9,95.58,177.61,201.7
1425,2,80.61,21,0,-0.44,0.52,-0.35,-7.7,3.9,414,83.86,183.45,201.71
1450,2,82.71,21,0,-0.54,0.72,-0.28,-1.1,2.4,404.2,102.33,173.83,201.71
1475,2,85.48,21,0,-0.43,0.81,-0.21,9.9,0.8,396,114.09,166.35,201.72
1500,2,86.74,21,0,-0.38,0.75,-0.27,16.3,-1.7,387.1,120,162.16,201.73
1525,2,88.59,21,0,-0.45,0.6,-0.31,24.3,-4.7,381,110.78,168.6,201.74
1550,2,89.51,21,0,-0.18,0.68,-0.2,25.6,-10.2,377.8,110.8,168.59,201.74
1575,2,91.7,21,0,-0.37,0.57,-0.23,17.7,-22.4,377.3,88.99,181.06,201.75
1600,2,92.54,21,0,-0.46,0.5,-0.19,12.6,-25.8,380.5,89.85,180.64,201.76
1625,2,92.54,21,0,-0.54,0.55,-0.16,6,-24.5,383.5,70.55,189.02,201.76
1650,2,94.72,21,0,-0.51,0.58,-0.15,0.1,-20.2,384,57.95,193.27,201.77
1675,2,98.08,21,0,-0.42,0.65,-0.19,-3.2,-10.3,379.1,61.32,192.23,201.78
1700,2,98.08,21,0,-0.53,0.73,-0.16,0,-4.4,374.4,85.71,182.67,201.78
1725,2,100.86,21,0,-0.46,0.66,-0.2,4.4,-0.6,368.7,63.87,191.42,201.79
1750,2,101.7,21,0,-0.38,0.63,-0.21,9.3,1,364.6,83.21,183.84,201.8
1775,2,103.89,21,0,-0.38,0.62,-0.2,16,-1,359.3,91.62,179.81,201.8
1800,2,105.4,21,0,-0.34,0.6,-0.19,18.7,-3.6,357.5,91.64,179.8,201.81
1825,2,106.33,21,0,-0.33,0.58,-0.17,19.4,-7.5,357.3,73.16,188.09,201.82
1850,2,107.25,21,0,-0.34,0.53,-0.15,17.4,-10.9,357.6,82.41,184.23,201.82
1875,2,110.03,21,0,-0.36,0.47,-0.15,10.1,-16.5,358.5,63.92,191.44,201.83
1900,2,110.87,21,0,-0.38,0.51,-0.17,5.4,-16.6,359.6,83.28,183.85,201.83
1925,2,111.8,21,0,-0.46,0.57,-0.13,1.3,-15,362,69.83,189.37,201.84
1950,2,112.72,21,0,-0.44,0.53,-0.13,-2.4,-10.4,363.5,63.95,191.45,201.85
1975,2,116.43,21,0,-0.43,0.55,-0.15,-4.9,0.8,361.5,63.96,191.45,201.85
2000,2,117.35,21,0,-0.42,0.64,-0.17,-3.1,6.8,359.2,91.75,179.8,201.86
2025,2,118.28,21,0,-0.42,0.6,-0.17,2,11.1,355.6,73.25,188.11,201.87
2050,2,118.87,21,0,-0.38,0.61,-0.16,7.7,12.7,351.7,74.09,187.78,201.87
2075,2,121.9,21,0,-0.35,0.57,-0.16,16.3,8.6,344.4,70.72,189.08,201.88
2100,2,122.49,21,0,-0.31,0.57,-0.14,18.8,4.5,342.6,91.8,179.81,201.89
2125,2,122.49,21,0,-0.32,0.48,-0.14,19.3,0.4,342.2,60.65,192.56,201.89
2150,2,124.35,21,0,-0.31,0.46,-0.14,17.4,-2.8,343.9,51.38,195.25,201.9
2175,2,127.13,21,0,-0.38,0.57,-0.07,9.7,-7.2,346,60.66,192.57,201.9
2200,2,128.06,21,0,-0.34,0.51,-0.1,6.1,-8,350,82.58,184.25,201.91
2225,2,128.06,21,0,-0.41,0.48,-0.12,3.3,-6.9,352.8,61.52,192.31,201.91
2250,2,130.75,21,0,-0.45,0.5,-0.11,-0.1,-3.9,353.7,55.62,194.1,201.92
2275,2,131.68,21,0,-0.34,0.5,-0.16,-2.3,4.3,352.9,82.61,184.25,201.92
2300,2,132.61,21,0,-0.41,0.55,-0.12,-1.1,8,350.1,73.34,188.14,201.93
2325,2,134.46,21,0,-0.41,0.58,-0.11,2.3,9.9,346.7,54.8,194.36,201.94
2350,2,134.46,21,0,-0.36,0.65,-0.05,6.2,10.3,341.9,64.09,191.5,201.94
2375,3,136.32,21,0,-0.35,0.64,-0.07,15.5,6.6,333,64.09,191.51,201.95
2400,3,137.25,21,228,-0.32,0.56,-0.1,19,3.2,328.8,55.67,194.13,201.96
2425,3,138.18,21,144,-0.28,0.51,-0.1,22,0.1,327.5,55.67,194.14,201.96
2450,3,139.02,21,58,-0.25,0.54,-0.07,19.7,-4,327.4,55.68,194.14,201.97
2475,3,141.22,21,163,-0.24,0.48,-0.07,12,-13.1,328.6,45.56,196.77,201.97
2500,3,142.14,21,225,-0.31,0.52,-0.06,6.1,-17.1,329.8,67.5,190.36,201.98
2525,3,142.74,21,129,-0.29,0.46,-0.07,1,-17.8,330.7,58.23,193.4,201.98
2550,3,143.07,21,44,-0.33,0.46,-0.08,-3.9,-17.5,330.1,54.86,194.39,201.99
2575,3,145.86,21,32,-0.35,0.5,-0.09,-10.6,-13.1,329.5,48.95,195.97,201.99
2600,3,146.79,21,237,-0.4,0.51,-0.05,-12.4,-10.8,328.1,68.38,190.07,202
2625,3,146.79,21,131,-0.29,0.5,-0.08,-13.3,-7.2,324.7,55.73,194.16,202
2650,3,147.72,21,131,-0.29,0.51,-0.07,-12.2,-3.9,322.5,46.44,196.6,202.01
2675,3,149.49,21,23,-0.29,0.58,-0.04,-10.6,-1.1,318.4,49.82,195.77,202.01
2700,3,150.42,21,252,-0.31,0.58,-0.03,-9.4,0.2,316.5,64.18,191.55,202.02
2725,3,150.42,21,137,-0.24,0.54,-0.04,-7.2,0.2,313.6,45.61,196.81,202.03
2750,3,152.28,21,137,-0.26,0.53,-0.05,-5.6,-1.3,309.8,36.32,198.74,202.03
2775,3,153.21,21,158,-0.24,0.5,-0.04,-4.8,-4.8,306.5,54.91,194.43,202.04
2800,3,154.14,21,37,-0.26,0.51,-0.04,-6.5,-5.9,306.6,54.92,194.43,202.04
2825,3,156,21,170,-0.27,0.52,-0.02,-7.5,-7.6,305.2,46.47,196.63,202.05
2850,3,156,21,174,-0.29,0.48,-0.03,-8.4,-7.9,304.1,55.78,194.2,202.05
2875,3,157.77,21,174,-0.32,0.44,-0.04,-12.2,-6.9,302.5,55.78,194.2,202.06
2900,3,158.7,21,112,-0.38,0.52,-0.02,-13,-5.5,301.4,54.94,194.45,202.06
2925,3,158.7,21,235,-0.34,0.51,-0.01,-14.2,-3,300.5,54.94,194.45,202.07
2950,3,159.63,21,235,-0.37,0.52,0,-14.2,-0.9,298.4,45.65,196.85,202.07
2975,3,161.5,21,100,-0.34,0.64,0.01,-11,2.3,294.8,36.35,198.78,202.08
3000,3,162.43,21,80,-0.31,0.57,-0.01,-9.2,3.6,293.1,54.95,194.47,202.09
3025,3,162.09,21,195,-0.27,0.58,-0.01,-6.4,4.3,287.6,46.51,196.67,202.09
3050,3,163.36,21,223,-0.3,0.54,-0.03,-3,4.5,283.6,33.82,199.25,202.1
3075,3,163.95,21,52,-0.3,0.57,0,3.3,1.9,275.9,46.51,196.68,202.1
3100,3,165.22,21,193,-0.26,0.54,-0.03,7,0.5,272.1,43.14,197.45,202.11
3125,3,166.15,21,16,-0.28,0.54,-0.01,9.1,-0.6,267.5,37.22,198.66,202.11
3150,3,166.74,21,123,-0.3,0.5,0,11.4,-3.1,264.7,37.22,198.66,202.12
3175,3,168.86,21,4,-0.24,0.52,-0.03,11.8,-4.7,260.3,46.53,196.7,202.12
3200,3,169.45,21,120,-0.3,0.57,0,13.8,-6.7,257.5,55,194.5,202.13
3225,3,169.79,21,253,-0.29,0.48,-0.01,13.8,-8.8,255.5,55,194.51,202.14
3250,3,169.45,21,219,-0.31,0.6,0.04,13.6,-10.8,253.5,45.69,196.91,202.14
3275,3,171.31,21,253,-0.34,0.55,0.02,14.3,-13,250.3,33,199.43,202.15
3300,3,172.24,21,191,-0.32,0.57,0,13.6,-12.7,248.1,45.7,196.92,202.15
3325,3,173.17,21,29,-0.35,0.55,0,15.5,-12.2,244.5,33.86,199.3,202.16
3350,3,174.11,21,121,-0.29,0.57,0,17.6,-12.3,241,37.24,198.7,202.16
3375,3,175.97,21,211,-0.31,0.55,0.02,19.7,-12.7,236.2,43.17,197.51,202.17
3400,3,175.97,21,130,-0.29,0.54,0.01,20.6,-13.4,233.6,65.19,191.38,202.18
3425,3,177.75,21,130,-0.29,0.54,0.02,20.8,-14.4,231.7,46.57,196.74,202.18
3450,3,177.75,21,243,-0.3,0.55,0.04,20.9,-15.7,230.5,55.04,194.55,202.19
3475,3,177.75,21,243,-0.29,0.5,0.03,19.8,-17.7,229,45.73,196.95,202.19
3500,3,178.68,21,243,-0.31,0.51,0.03,18.5,-18.6,229.4,36.42,198.89,202.2
3525,3,178.68,21,68,-0.26,0.49,0.03,16.2,-19.5,229.9,27.11,200.38,202.2
3550,3,179.61,21,68,-0.3,0.48,0.04,13.4,-20,229.9,27.11,200.38,202.21
3575,3,180.54,21,146,-0.26,0.51,0.04,8.7,-19.8,231.1,18.64,201.35,202.21
3600,3,181.14,21,223,-0.27,0.5,0.04,6.5,-19.3,231.1,27.95,200.28,202.22
3625,3,181.48,21,85,-0.28,0.5,0.04,3.9,-18.9,230.9,33.88,199.36,202.22
3650,3,182.07,21,42,-0.29,0.5,0.04,1.6,-18.1,230.9,27.96,200.29,202.23
3675,3,183.34,21,159,-0.29,0.49,0.04,-0.7,-15.7,229.9,33.89,199.37,202.23
3700,3,183,21,187,-0.3,0.48,0.04,-1.7,-14.2,229.2,37.28,198.77,202.24
3725,3,183.93,21,231,-0.31,0.5,0.05,-2.8,-12.6,228.1,24.57,200.75,202.24
3750,3,183.93,21,45,-0.29,0.5,0.05,-3.5,-11.1,227.5,27.96,200.31,202.25
3775,3,185.8,21,45,-0.27,0.5,0.04,-4.2,-9.3,226.7,24.57,200.76,202.25
3800,3,185.8,21,180,-0.26,0.5,0.05,-4.6,-8.3,225,37.29,198.79,202.26
3825,3,185.8,21,180,-0.28,0.48,0.05,-5,-7.1,224.4,24.58,200.77,202.26
3850,3,186.65,21,180,-0.26,0.47,0.04,-5.8,-6.6,224,27.97,200.33,202.27
3875,3,187.58,21,192,-0.26,0.48,0.05,-6.9,-5,223.7,27.13,200.45,202.27
3900,3,187.58,21,254,-0.29,0.47,0.05,-8,-5.2,223.3,36.45,198.97,202.28
3925,3,188.51,21,254,-0.3,0.48,0.05,-9.3,-4.4,223.7,17.8,201.5,202.28
3950,3,189.44,21,60,-0.3,0.47,0.06,-9.7,-3.3,223.9,27.13,200.46,202.29
3975,3,189.44,21,119,-0.26,0.47,0.05,-9.9,-1,222.6,36.46,198.98,202.29
4000,3,190.38,21,119,-0.3,0.47,0.05,-9.2,1.1,222.3,27.98,200.35,202.3
4025,3,190.38,21,176,-0.28,0.45,0.04,-9.8,3,222,27.98,200.36,202.3
4050,3,189.44,21,176,-0.29,0.47,0.05,-10.9,4.4,221.1,27.98,200.36,202.31
4075,3,191.31,21,119,-0.29,0.48,0.05,-10.8,7.6,219.6,9.32,202.1,202.31
4100,3,192.24,21,231,-0.32,0.49,0.06,-9.5,9.1,218,18.66,201.46,202.32
4125,3,191.9,21,29,-0.32,0.46,0.05,-7.9,11,216.1,27.99,200.38,202.32
4150,3,192.24,21,80,-0.32,0.49,0.06,-7.2,11.9,214.5,15.27,201.75,202.33
4175,3,192.24,21,29,-0.3,0.5,0.05,-4.4,16.1,211.4,18.66,201.47,202.34
4200,3,192.84,21,29,-0.33,0.51,0.06,-1.9,17.2,209.2,27.99,200.4,202.34
4225,3,193.18,21,132,-0.32,0.52,0.06,0.8,18.2,206.5,15.26,201.77,202.35
4250,3,194.11,21,81,-0.32,0.51,0.06,3.8,18.5,204.7,9.32,202.14,202.35
4275,3,193.77,21,131,-0.29,0.5,0.05,9.8,18.8,200.5,22.05,201.15,202.36
4300,3,194.11,21,183,-0.28,0.51,0.06,12.6,17.8,198.6,15.27,201.79,202.36
4325,3,195.04,21,131,-0.26,0.48,0.05,14.9,16.3,197.8,18.66,201.51,202.37
4350,3,194.7,21,179,-0.29,0.51,0.07,16.9,14.7,197.2,22.05,201.17,202.37
4375,3,194.7,21,231,-0.29,0.48,0.06,19.9,11.9,194.9,15.27,201.8,202.38
4400,3,195.55,21,231,-0.28,0.49,0.07,21,10,194,5.93,202.3,202.38
4425,3,196.49,21,228,-0.29,0.48,0.07,21.5,8.3,193.2,17.81,201.6,202.39
4450,3,195.55,21,17,-0.28,0.47,0.07,21.3,6.9,192.6,23.75,200.99,202.39
4475,3,196.49,21,228,-0.3,0.5,0.08,22.2,4.5,191.1,5.09,202.33,202.4
4500,3,196.49,21,17,-0.31,0.5,0.08,22.3,3.6,189.8,17.81,201.62,202.4
4525,3,196.49,21,17,-0.29,0.51,0.08,21.9,2.9,189,17.81,201.62,202.41
4550,3,197.42,21,17,-0.28,0.5,0.07,22,2.5,188.3,9.33,202.2,202.41
4575,3,197.42,21,61,-0.29,0.52,0.08,22.7,0.8,186.4,9.33,202.2,202.42
4600,3,197.42,21,61,-0.32,0.5,0.08,24.1,-0.1,184.4,18.66,201.56,202.43
4625,3,198.35,21,61,-0.29,0.48,0.07,25.3,-1.6,183,9.33,202.22,202.43
4650,3,198.35,21,103,-0.3,0.49,0.08,25.5,-2.6,180.9,18.67,201.57,202.44
4675,3,197.42,21,103,-0.27,0.5,0.08,25.2,-3.6,179.1,18.67,201.58,202.44
4700,3,198.35,21,61,-0.27,0.48,0.08,25.1,-5.1,177.8,0,202.45,202.45
4725,3,199.29,21,103,-0.28,0.51,0.09,24.1,-6.6,176.8,9.33,202.24,202.45
4750,3,198.35,21,143,-0.27,0.51,0.09,23.5,-7.8,175.6,18.67,201.59,202.46
4775,3,198.35,21,103,-0.27,0.52,0.09,23.5,-9.3,173.4,0,202.46,202.46
4800,3,198.35,21,103,-0.27,0.51,0.09,23.5,-10.8,172.7,0,202.47,202.47
4825,3,198.35,21,103,-0.25,0.5,0.09,23.4,-12.5,171.3,9.33,202.26,202.47
4850,3,199.29,21,103,-0.25,0.49,0.09,22.4,-14.2,170.5,0,202.48,202.48
4875,3,199.29,21,143,-0.25,0.48,0.09,20.8,-17.2,170.3,0,202.48,202.48
4900,3,199.29,21,143,-0.25,0.49,0.09,19.3,-18.4,169.8,9.33,202.27,202.49
4925,3,199.29,21,143,-0.25,0.47,0.09,17.6,-19.7,169.6,9.33,202.28,202.49
4950,3,199.29,21,143,-0.25,0.47,0.09,15.7,-20.9,169.3,9.33,202.28,202.5
4975,3,199.29,21,143,-0.22,0.48,0.1,12.1,-23.5,169.3,9.33,202.29,202.5
5000,3,199.29,21,143,-0.23,0.46,0.09,10.1,-24.9,169.2,0,202.51,202.51
5025,3,200.22,21,143,-0.24,0.45,0.08,7.8,-25.8,169.4,0,202.51,202.51
5050,3,200.22,21,181,-0.26,0.47,0.1,5.5,-26.4,169.7,9.33,202.3,202.52
5075,3,200.22,21,181,-0.23,0.45,0.09,0.9,-27.6,169.5,9.33,202.31,202.52
5100,3,199.29,21,181,-0.26,0.45,0.09,-1.9,-27.5,170.4,9.33,202.31,202.53
5125,3,200.22,21,143,-0.25,0.42,0.09,-5,-26.6,171,0,202.53,202.53
5150,3,115.42,21,181,2.45,-2.55,-2,167.7,195.4,835.8,9.33,202.32,202.53
5175,4,202.09,21,0,0.23,1.52,0,-6.6,-11.6,189.5,-192.68,0,202.5
5200,4,202.68,21,0,1.72,0.08,0.12,-8.4,-37.3,177.6,18.67,201.65,202.51
5225,4,203.02,21,0,-0.34,0.58,0.04,11.6,-35.8,180.3,24.62,201,202.5
5250,4,201.75,21,0,-0.3,0.41,0.28,14.9,-40.2,179.7,37.36,199.03,202.51
5275,4,203.02,21,0,0.39,1.74,0.78,28,-63.1,174.2,15.28,201.93,202.51
5300,4,203.02,21,0,-0.96,-0.43,-0.2,29.6,-65.3,165.2,220.71,0,202.52
5325,4,203.96,21,0,0.28,0.39,-4.53,4.4,-66.6,159.8,9.34,202.31,202.52
5350,4,204.81,21,0,-3.76,4.3,-0.4,53.3,-38.3,168.7,12.73,202.12,202.52
5375,4,203.02,21,0,-0.9,0.09,-1.3,31.2,-24.1,138,17.83,201.79,202.58
5400,4,203.02,21,0,-1.03,-0.38,-3.11,25.5,45.7,105.9,12.73,202.18,202.58
5425,4,202.09,21,0,-0.27,-0.17,-0.65,31.5,67.3,122.7,0,202.58,202.58
5450,4,201.16,21,0,-0.68,0.3,-0.12,47.1,58.5,125.3,-9.34,202.37,202.58
5475,4,201.16,21,0,-0.31,0.49,0.08,69.3,33.3,122.5,-28.02,200.64,202.59
5500,4,202.09,21,0,-0.12,0.71,0.13,89.5,14.7,119.9,-36.51,199.28,202.59
5525,4,203.02,21,0,-0.51,0.27,-0.08,103.3,6.9,114.9,-9.34,202.38,202.6
5550,4,203.02,21,0,-0.22,0.14,-0.41,114.1,-4,110.9,0,202.6,202.6
5575,4,203.36,21,0,0.44,0.08,0.02,117,-25.2,114.6,9.34,202.39,202.61
5600,4,204.3,21,0,-0.48,-0.16,-0.05,140.2,-48.8,107.4,22.07,201.4,202.6
5625,4,203.36,21,0,-0.66,-0.13,-0.09,160.5,-75.3,94.7,31.41,200.15,202.6
5650,4,204.3,21,0,-0.4,-0.56,-0.21,169.5,-89.5,74.8,12.73,202.21,202.61
5675,4,209.82,21,0,-0.49,-0.92,-0.2,253.8,-66.9,65,12.73,202.2,202.6
5700,4,209.82,21,0,-1.13,-0.94,-0.05,284.3,-71.3,52.2,67.95,190.86,202.6
5725,4,208.88,21,0,-1.02,-0.87,0,325,-92.1,28.1,64.56,192.03,202.6
5750,4,207.95,21,0,-0.94,-0.83,0.01,362.5,-120.5,-18.6,45.87,197.33,202.59
5775,4,207.02,21,0,-1.02,-0.37,0.14,420.1,-133.6,-66.9,45.86,197.33,202.59
5800,4,207.35,21,0,-0.66,-0.16,0.12,437.3,-120.6,-79.2,27.18,200.76,202.6
5825,4,203.36,21,0,-0.58,0.21,0.22,442.1,-97.1,-79.1,-24.64,201.09,202.6
5850,4,202.77,21,0,-0.52,0.32,0.19,437.4,-69.3,-77.6,-64.56,192.04,202.6
5875,4,199.03,21,0,-0.47,0.6,0.29,418.5,-25.7,-78.8,-61.15,193.16,202.61
5900,4,196.83,21,0,-0.56,0.51,0.32,405.2,-1.7,-85.9,-89.17,181.94,202.61
5925,4,196.23,21,0,-0.59,0.89,0.25,395.1,24.9,-97.6,-101.89,175.14,202.62
5950,4,195.04,21,0,-0.22,0.2,0.1,386.9,60.8,-150.2,-111.23,169.37,202.63
5975,5,199.97,21,0,-1.46,1.5,1.09,336.3,121,-255.7,-83.19,184.77,202.63
6000,6,199.97,21,0,-0.37,1.37,0.37,289.6,159.2,-334.9,-28.01,200.71,202.66
6025,6,202.77,21,0,-0.86,2.42,0.56,238.2,211.3,-437.3,9.34,202.45,202.67
6050,6,204.64,21,0,0.27,-1.09,-0.12,139.7,228.2,-508.9,59.42,193.79,202.69
6075,6,205.49,21,0,-0.72,0.23,0.58,-2.7,204.3,-533.7,84.05,184.43,202.68
6100,6,203.11,21,0,-1.69,0.47,0.3,-49.2,169.2,-520.2,104.42,173.72,202.69
6125,6,203.7,21,0,-1.11,0.81,0.87,-76.7,120.8,-512.3,31.41,200.25,202.7
6150,6,204.64,21,0,-1.21,0.4,0.31,-81.9,75.1,-472.9,37.35,199.24,202.71
6175,6,201.24,21,0,-0.93,0,0.13,-69.1,11.7,-375.5,18.68,201.86,202.72
6200,6,199.37,21,0,-0.25,-0.19,0.15,-55.3,-13.9,-274.2,-33.97,199.86,202.73
6225,6,198.44,21,0,0.8,0.07,0.95,-47.5,-39.1,-148.6,-61.13,193.29,202.73
6250,6,198.44,21,0,-0.47,-0.68,1,-60.5,-85.5,43.9,-46.69,197.27,202.72
6275,6,197.5,21,0,-0.89,-0.49,0.34,-45.7,-133,161.7,-52.64,195.77,202.72
6300,6,196.23,21,0,-0.82,-0.07,0.21,-39.7,-172.8,126.4,-71.32,189.76,202.72
6325,6,196.57,21,0,-1.07,-0.18,0.19,-21.9,-213.9,74.7,-50.08,196.44,202.73
6350,6,196.57,21,0,0.02,-0.42,-0.04,-0.8,-246.3,15.3,-28.01,200.79,202.73
6375,6,196.57,21,0,-0.63,-0.35,0.06,53.3,-313.4,-71.6,-18.66,201.86,202.73
6400,6,195.38,21,0,-0.53,-0.17,0.09,87.7,-329.7,-107.1,-18.66,201.86,202.73
6425,6,194.79,21,0,-0.48,-0.52,0.01,123.8,-345.4,-124.8,-21.21,201.61,202.73
6450,6,196.57,21,0,-0.52,-0.16,0.08,156.8,-353.7,-115.1,-14.42,202.21,202.73
6475,6,193.86,21,0,-0.36,-0.05,0.13,187.9,-341.6,-91.7,0,202.73,202.73
6500,6,192.92,21,0,-0.36,0.08,0.21,193.8,-328,-79.1,-27.15,200.9,202.73
6525,6,192.58,21,0,-0.42,0.15,0.2,195.4,-317.2,-67.6,-36.48,199.42,202.73
6550,6,191.06,21,0,-0.4,0.16,0.22,194.1,-307,-54.5,-27.99,200.79,202.73
6575,6,187.32,21,0,-0.26,0.04,0.56,186.8,-292,-20,-37.32,199.27,202.74
6600,6,186.99,21,0,0.1,0.31,0.33,179.7,-288.5,2.2,-92.46,180.43,202.74
6625,6,186.99,21,0,0.02,0.14,0.27,171.7,-285.4,28.3,-68.7,190.74,202.74
6650,6,188.85,21,0,0.37,0.19,0.28,162.2,-281.7,58.2,-59.37,193.85,202.74
6675,6,189.78,21,0,0.79,0.04,0.28,129.4,-268.5,138.9,-37.31,199.28,202.74
6700,6,191.06,21,0,0.85,0.68,0.67,103.9,-260.8,216.9,-12.72,202.34,202.73
6725,6,191.65,21,0,-1.21,2.75,1.27,89.9,-238.5,320.2,37.31,199.27,202.74
6750,6,190.12,21,0,1.87,-0.63,0.38,28,-225.1,414.4,46.64,197.33,202.76
6775,6,187.92,21,0,-0.2,-1.03,0.9,-76.8,-165.4,421.5,31.37,200.31,202.75
6800,7,186.39,21,0,-0.62,-0.26,0.66,-144,-95.1,177.3,-9.32,202.53,202.74
6825,7,186.99,21,0,0.32,-0.51,0.14,-143.6,-44.8,164.4,-33.91,199.89,202.74
6850,7,185.21,21,0,-0.03,-1.12,0.69,-152.1,-16.3,127.1,-40.7,198.61,202.74
6875,7,183.34,21,0,0.23,-0.33,0.15,-138.8,20.5,111.4,-64.44,192.21,202.73
6900,7,183.34,21,0,0.21,-0.5,0.14,-125.6,44.1,110.7,-67.83,191.04,202.72
6925,7,181.81,21,0,0.07,-0.46,0.12,-109.7,65.5,97.3,-45.78,197.48,202.72
6950,7,181.81,21,0,0.02,-0.45,0.11,-89.3,77.1,86.3,-45.77,197.48,202.71
6975,7,181.81,21,0,0.05,-0.43,0.14,-60.2,100.4,63.4,-51.7,196,202.71
7000,7,181.48,21,0,-0.01,-0.55,0.12,-46.4,110.2,39.3,-33.9,199.85,202.7
7025,7,181.81,21,0,0.14,-0.52,0.15,-36.3,118.3,2.2,-18.64,201.84,202.7
7050,7,180.88,21,0,-0.04,-0.58,0.2,-33.9,121,-44.3,-15.25,202.12,202.69
7075,7,178.09,21,0,-0.05,-0.2,0.09,-31.1,129.9,-110.1,-9.32,202.47,202.69
7100,7,178.09,21,0,0.11,-0.17,0.13,-18.9,136.2,-120.4,-37.27,199.23,202.69
7125,7,177.15,21,0,0.13,-0.22,0.14,-9.2,141.7,-117.9,-37.27,199.23,202.68
7150,7,177.15,21,0,0.13,-0.3,0.16,-7.4,146.8,-95.7,-43.21,198.02,202.68
7175,7,176.65,21,0,0.21,-0.22,0.14,0.1,160.2,-54.2,-46.6,197.25,202.68
7200,7,175.71,21,0,0.33,-0.25,0.17,4.4,161,-14.3,-42.36,198.2,202.67
7225,7,175.71,21,0,0.41,-0.62,0.35,-9.8,141.3,94.5,-23.72,201.28,202.67
7250,7,176.05,21,0,0.46,-0.59,0.52,-35.7,121.9,177.8,-23.72,201.27,202.66
7275,7,177.49,21,0,0.58,-0.64,0.33,-37.9,103,280.2,-11,202.35,202.65
7300,7,178.76,21,0,-0.47,-0.23,0.36,-28.8,101.6,300.4,3.38,202.62,202.64
7325,7,178.76,21,0,-0.25,-1.07,0.46,-48.1,98.2,290.7,21.17,201.54,202.64
7350,7,180.63,21,0,-0.84,-0.16,0.38,-55.2,92.8,210,30.49,200.33,202.64
7375,7,181.9,21,0,-0.99,-0.52,0.32,-34.7,93.3,67.3,49.13,196.59,202.64
7400,7,180.97,21,0,-1.45,-1.87,0.83,-104.3,99,-216.7,58.45,194.03,202.64
7425,7,180.97,21,0,-0.79,-1.25,0.59,-173,82.2,-452.9,34.73,199.63,202.63
7450,7,176.39,21,0,-0.22,-0.53,0.24,-201.5,31,-463.4,22.02,201.43,202.63
7475,7,173,21,0,0.37,-0.28,0.39,-240.2,-47.7,-314.9,-23.71,201.23,202.63
7500,7,173,21,0,0.53,-0.43,0.21,-259.4,-99.5,-95.1,-76.23,187.73,202.62
7525,7,172.07,21,0,0.87,-0.79,0.18,-296.1,-128.6,128.6,-88.94,182.05,202.61
7550,7,172.07,21,0,0.83,-1.03,-0.09,-382.7,-138.2,310.9,-88.94,182.04,202.6
7575,7,168.35,21,0,0.45,-0.47,-1.23,-730.5,-6.9,587.4,-88.93,182.02,202.59
7600,7,166.57,21,0,-0.98,2.36,-1.58,-806.4,238,623.7,-80.43,185.93,202.58
7625,7,166.57,21,0,-0.8,1.13,-3.26,-682,448.5,641.7,-64.33,192.12,202.6
7650,7,168.35,21,0,-0.68,3.12,-4.16,-406.6,559.3,697,-64.33,192.13,202.62
7675,7,167.5,21,0,2.98,1.58,-2.11,3,322.4,776.4,-37.24,199.19,202.64
7700,7,167.5,21,0,2.22,-0.47,-0.68,52.7,177.7,496.4,-45.7,197.41,202.64
7725,7,166.57,21,0,1.35,0.75,0.23,6,38.3,368,-8.46,202.44,202.62
7750,7,165.64,21,0,0.86,0.08,-0.13,-43.1,-44.1,264.7,0,202.62,202.62
7775,7,162.85,21,0,0.97,-0.17,-0.34,-152.6,-152.5,128.7,-9.3,202.4,202.61
7800,7,161.92,21,0,0.74,-0.09,-0.57,-206.4,-228.4,42.8,-55,194.99,202.6
7825,7,162.85,21,0,0.61,0.09,-0.77,-261.1,-294.4,-20.7,-55.84,194.75,202.6
7850,7,162.85,21,0,0.51,0.16,-1.28,-304.2,-358.4,-61.2,-46.53,197.18,202.59
7875,7,162.85,21,0,0.58,1.22,-1.75,-294.7,-460.7,-64.4,-37.23,199.14,202.59
7900,7,162.85,21,0,-0.61,1.12,-2.25,-248.7,-456.6,-33.5,-27.92,200.66,202.6
7925,7,161.92,21,0,-0.49,1.26,-1.73,-187.7,-409.7,8,0,202.61,202.61
7950,7,161.92,21,0,-1,2.14,-1.15,-142.6,-328,58,0,202.62,202.62
7975,7,161.92,21,0,-1.26,1.47,-0.79,-35.5,-183,122,-9.3,202.43,202.64
8000,7,161.92,21,0,-2.48,2.14,-0.12,39.6,-98,155.9,-9.3,202.45,202.66
8025,7,160.99,21,0,-1.39,0.68,-1,94,-21.4,216.9,-9.3,202.48,202.69
8050,7,159.13,21,0,-2.09,2.07,-0.03,150.3,29.4,213.4,-18.6,201.85,202.7
8075,7,159.47,21,0,-0.72,1.45,0.27,187.9,50.4,240,-27.9,200.8,202.73
8100,7,159.13,21,0,-0.26,0.58,0.1,176,23.1,242.6,-24.52,201.26,202.75
8125,7,158.28,21,0,0.42,0.25,-0.27,158.7,-1.2,230,-27.9,200.82,202.75
8150,7,158.28,21,0,-0.32,0.61,0.2,141.9,-23.5,230.8,-36.36,199.46,202.75
8175,7,157.35,21,0,-0.3,0.89,0.2,105.1,-24.2,212.7,-27.06,200.94,202.76
8200,7,157.35,21,0,-0.23,0.56,0.11,91.2,-25.2,202.3,-17.75,201.99,202.77
8225,7,157.35,21,0,-0.21,0.57,0.14,76,-23.3,189.8,-21.13,201.67,202.77
8250,7,157.35,21,0,-0.17,0.56,0.13,64.4,-22.4,179.8,-17.75,202,202.78
8275,7,157.35,21,0,-0.2,0.71,0.19,49.5,-26.4,167.7,-9.29,202.57,202.78
8300,7,156.42,21,0,-0.17,0.63,0.14,41.2,-30,166.3,-9.29,202.58,202.79
8325,7,155.83,21,0,-0.31,1,-1.12,75.2,-65.9,182.7,-9.29,202.58,202.8
8350,7,155.49,21,0,-1.67,1.07,-2.32,103.8,-51.6,205.5,-15.22,202.23,202.8
8375,7,154.9,21,0,1.26,1.46,-1.83,177.1,-203.2,169,-18.6,201.97,202.82
8400,7,154.9,21,0,0.24,0.4,-1.17,174.6,-245.1,165.1,-24.51,201.34,202.82
8425,7,154.9,21,0,-0.11,0.05,-0.82,138,-289.2,170.7,-24.51,201.34,202.83
8450,7,155.83,21,0,-1.66,-3,-0.69,105,-305.6,188,-15.21,202.25,202.83
8475,7,154.9,21,0,-0.52,0.42,-1.19,41.4,-242.8,210.3,0,202.81,202.81
8500,7,153.97,21,0,-0.72,0.77,-1.14,0.5,-200.5,233.4,-5.91,202.73,202.82
8525,7,154.9,21,0,-0.77,0.42,-0.11,-23.7,-172.9,240.3,-9.29,202.61,202.83
8550,7,153.97,21,0,-0.92,0.38,-0.91,-38.3,-133.8,249.7,0,202.83,202.83
8575,7,153.04,21,0,-0.65,0.71,-0.19,-23.9,-52.9,274.2,-9.29,202.63,202.84
8600,7,153.04,21,0,-0.59,0.79,-0.12,-29,-49.4,287.9,-27.89,200.92,202.85
8625,7,153.04,21,0,-0.88,0.9,-0.33,-26.1,-26.9,298.3,-18.59,202,202.86
8650,7,153.04,21,0,-1.01,0.94,-0.33,-17.8,2.3,309.7,-9.3,202.66,202.87
8675,7,150.25,21,0,-0.69,1.04,-0.29,-3.1,25.4,310.6,-18.59,202.03,202.88
8700,7,151.18,21,0,-0.48,0.56,-0.67,13.7,38.7,319.2,-37.18,199.46,202.9
8725,7,149.41,21,0,-0.32,1.34,-0.35,50.8,32.1,339.7,-18.58,202.05,202.9
8750,7,150.25,21,0,-0.25,1.42,-0.65,63.3,56,349.4,-36.32,199.64,202.91
8775,7,149.41,21,0,-0.04,1.36,-0.95,145.6,61.1,377.5,-27.88,201,202.93
8800,7,149.41,21,0,-0.07,1.29,-1.07,186.3,38,379.2,-36.32,199.66,202.94
8825,7,150.25,21,0,0.2,1.28,-1.2,226.9,4.6,373.7,-8.44,202.77,202.95
8850,7,148.48,21,0,0.1,0.88,-1.38,255.4,-42,363.7,-9.29,202.74,202.95
8875,7,148.48,21,0,0.04,0.63,-1.16,217.7,-133.8,331.7,-9.29,202.75,202.96
8900,7,147.55,21,0,0.11,0.41,-1.05,171.3,-165,312.8,-17.74,202.19,202.96
8925,7,147.55,21,0,-0.08,0.22,-0.96,93.5,-148.1,300.1,-18.58,202.11,202.97
8950,7,148.14,21,0,-0.19,0.4,-0.9,60.2,-155.6,298.5,-18.58,202.11,202.97
8975,7,146.62,21,0,-0.49,0.25,-0.95,-3.5,-99.8,293.4,-21.11,201.87,202.97
9000,7,147.55,21,0,-0.56,0.28,-0.88,-24.6,-61.4,290.6,-18.58,202.12,202.97
9025,7,146.62,21,0,-0.44,0.44,-0.74,-30,-25.3,294.6,-9.29,202.77,202.98
9050,7,146.62,21,0,-0.44,0.39,-0.78,-26.8,2.6,298.1,-9.29,202.77,202.98
9075,7,145.69,21,0,-0.33,0.44,-0.8,-13.7,25.7,303.5,-9.29,202.78,202.99
9100,7,145.35,21,0,-0.28,0.47,-0.76,-3.2,27.8,311.9,-24.49,201.51,202.99
9125,7,145.69,21,0,-0.28,0.48,-0.72,4.6,21.9,319,-12.66,202.6,203
9150,7,144.76,21,0,-0.26,0.41,-0.65,8.9,12.4,326.2,-18.58,202.15,203
9175,7,144.76,21,0,-0.19,0.38,-0.89,1.2,-11.9,339.6,-18.57,202.16,203.01
9200,7,144.76,21,0,-0.24,0.34,-1.01,-14,-26.2,346.5,-18.57,202.16,203.01
9225,7,143.83,21,0,-0.32,0.31,-0.98,-36.2,-32.7,352.3,-9.28,202.8,203.01
9250,7,143.5,21,0,-0.41,0.33,-0.98,-58.1,-30,360.4,-15.2,202.45,203.02
9275,7,144.76,21,0,-0.46,0.49,-0.97,-87.9,-8,377,-21.95,201.83,203.02
9300,7,142.9,21,0,-0.49,0.59,-0.95,-96,13.2,386.3,0,203.03,203.03
9325,7,142.9,21,0,-0.45,0.68,-0.9,-95.1,38.2,395.5,-18.57,202.18,203.04
9350,7,141.64,21,0,-0.42,0.78,-1.02,-84.8,59.4,400.3,-18.57,202.19,203.04
9375,7,141.64,21,0,-0.35,0.8,-1,-44.8,75.8,408.1,-21.95,201.86,203.05
9400,7,141.98,21,0,0.98,1.69,-0.97,-18.9,97.4,407.7,-18.57,202.21,203.06
9425,7,141.64,21,0,-0.01,0.98,-1.04,17.7,103.1,401.4,-27.86,201.14,203.07
9450,7,141.64,21,0,0.08,0.85,-1.01,52.5,97.2,390.5,-12.66,202.68,203.07
9475,7,141.64,21,0,0.13,0.71,-0.8,97.7,64.2,364.6,-12.66,202.68,203.08
9500,7,141.64,21,0,0.11,0.66,-0.64,105.2,38.6,344.4,0,203.08,203.08
9525,7,140.2,21,0,0.15,0.57,-0.69,92.4,16.4,322.3,0,203.09,203.09
9550,7,139.87,21,0,0.12,0.42,-0.68,74.3,0.7,296.9,-17.73,202.31,203.09
9575,7,140.2,21,0,0.13,0.23,-0.65,44.1,-8.9,255.9,-17.72,202.32,203.09
9600,7,139.27,21,0,0.11,0.25,-0.68,31,-8.5,238.6,-14.35,202.58,203.09
9625,7,139.87,21,0,-0.1,0.3,-0.72,16.9,-1.3,216.1,-23.63,201.71,203.09
9650,7,138.94,21,0,0.01,0.17,-0.73,4.6,1.8,184.7,-17.72,202.32,203.09
9675,7,138.94,21,0,0.01,0.04,-0.76,-1.7,7.5,151.1,-12.65,202.7,203.09
9700,7,139.27,21,0,0.01,0.04,-0.7,-3.6,9.6,138.3,-9.28,202.88,203.09
9725,7,138.35,21,0,-0.16,-0.14,-0.72,1.3,0.4,133.6,-9.28,202.88,203.09
9750,7,138.01,21,0,0.01,0.01,-0.69,3.8,-3.2,123.1,-9.28,202.88,203.09
9775,7,137.08,21,0,0,-0.02,-0.6,7.2,-9.6,111.9,-18.56,202.24,203.09
9800,7,138.35,21,0,-0.03,-0.03,-0.6,9.6,-14.4,103.8,-18.56,202.24,203.09
9825,7,136.15,21,0,-0.02,-0.05,-0.6,10.2,-25.1,95.9,-5.9,203,203.09
9850,7,136.15,21,0,-0.03,-0.02,-0.52,9.1,-32.8,85,-31.22,200.68,203.09
9875,7,136.49,21,0,-0.05,-0.06,-0.52,5.3,-46.1,66.9,-21.93,201.9,203.09
9900,7,135.56,21,0,-0.3,-0.22,-0.51,2.7,-55.6,61.3,-15.18,202.52,203.09
9925,7,135.56,21,0,-0.12,-0.12,-0.48,-1.9,-62.3,56.7,-15.18,202.52,203.09
9950,7,136.49,21,0,-0.26,-0.17,-0.55,-7.2,-72.5,56.8,-27.84,201.17,203.09
9975,7,135.56,21,0,-0.27,-0.12,-0.51,-20.8,-82.2,59.4,3.37,203.06,203.09
10000,7,134.63,21,0,-0.32,-0.14,-0.55,-31.1,-86.6,62.1,-5.9,203,203.09
10025,7,134.63,21,0,-0.4,-0.08,-0.49,-43.6,-88.1,68.2,-18.56,202.24,203.09
10050,7,135.56,21,0,-0.4,-0.06,-0.51,-55,-83.7,75.5,-9.28,202.87,203.09
10075,7,133.71,21,0,-0.5,-0.06,-0.49,-71.3,-70.2,84.2,0,203.09,203.09
10100,7,133.71,21,0,-0.56,-0.04,-0.49,-77.7,-60.7,87.4,-27.83,201.17,203.09
10125,7,133.71,21,0,-0.6,-0.02,-0.56,-84.1,-52,92.5,-18.56,202.24,203.09
10150,7,133.71,21,0,-0.67,0.02,-0.55,-88.3,-40.3,94,-9.27,202.88,203.09
10175,7,131.85,21,0,-0.73,0.07,-0.66,-92.5,-9.4,99,-9.27,202.89,203.1
10200,7,131.85,21,0,-0.7,0.09,-0.66,-91,9.2,103.3,-37.11,199.68,203.1
10225,7,131.85,21,0,-0.79,0.17,-0.61,-83.2,30.1,107.6,-18.55,202.26,203.11
10250,7,131.01,21,0,-0.79,0.18,-0.79,-75.8,46.5,111.8,-18.55,202.26,203.11
10275,7,131.85,21,0,-0.72,0.31,-0.75,-55.9,71.1,120.8,-26.99,201.32,203.12
10300,7,131.01,21,0,-0.71,0.28,-0.81,-42.5,78.6,130.1,-18.55,202.27,203.12
10325,7,130.08,21,0,-0.71,0.26,-0.91,-29.1,84.4,140.3,-8.43,202.95,203.13
10350,7,130.08,21,0,-0.61,0.33,-0.9,-15.3,86.1,153,-17.7,202.36,203.13
10375,7,129.15,21,0,-0.5,0.27,-0.87,1.5,77.1,176.9,-17.7,202.37,203.14
10400,7,128.22,21,0,-0.55,0.31,-0.87,6.4,69.9,191.9,-18.54,202.3,203.14
10425,7,128.22,21,0,-0.51,0.23,-0.83,9.1,59.4,207.6,-36.26,199.89,203.15
10450,7,127.3,21,0,-0.48,0.23,-0.9,2.6,47.8,223.9,-27.82,201.24,203.15
10475,7,127.3,21,0,-0.55,0.26,-0.87,-15.9,34.6,250.7,-27.82,201.24,203.16
10500,7,127.3,21,0,-0.57,0.34,-0.82,-28.7,33.2,260.5,-27.82,201.25,203.16
10525,7,127.3,21,0,-0.52,0.48,-0.8,-45.9,42,268.9,-18.54,202.32,203.17
10550,7,127.3,21,0,-0.5,0.46,-0.83,-60,57.2,273.8,-9.27,202.96,203.17
10575,7,125.44,21,0,-0.63,0.64,-0.86,-62.1,78.2,284.5,-9.27,202.97,203.18
10600,7,125.44,21,0,-0.43,0.76,-0.84,-55.9,87.5,288.2,-18.54,202.34,203.19
10625,7,125.1,21,0,-0.39,0.8,-0.94,-46.4,100.6,290,-18.54,202.35,203.2
10650,7,125.44,21,0,-0.26,0.77,-1.02,-21.8,113.4,285.8,-21.91,202.02,203.2
10675,7,124.51,21,0,-0.07,0.98,-1.09,20.1,148.4,279.4,-18.54,202.36,203.21
10700,7,124.51,21,0,0.22,1.05,-1.01,49.7,145,269.2,-27.81,201.3,203.22
10725,7,124.51,21,0,0.25,0.88,-1.01,76.3,130.7,250.1,-9.26,203.01,203.22
10750,7,124.51,21,0,0.38,0.75,-1,88.1,98.5,224.7,-9.26,203.02,203.23
10775,7,124.51,21,0,0.47,0.4,-0.89,61.7,29.9,168,-5.89,203.15,203.23
10800,7,124.51,21,0,0.35,0.62,-0.79,67.1,7.7,124.7,-9.26,203.02,203.23
10825,7,124.51,21,0,0.48,0.49,-0.82,54.8,-15.7,85.1,0,203.23,203.23
10850,7,123.59,21,0,0.47,0.36,-0.81,41.6,-34.5,44,0,203.23,203.23
10875,7,121.82,21,0,0.31,0.35,-0.75,30.2,-54,-21.2,-9.26,203.02,203.23
10900,7,121.82,21,0,0.28,0.42,-0.73,33.5,-58.5,-52.9,-26.96,201.44,203.23
10925,7,121.82,21,0,0.27,0.42,-0.76,39,-60.4,-81.1,-26.96,201.44,203.24
10950,7,121.48,21,0,0.23,0.44,-0.79,50.7,-58.1,-106.8,-26.96,201.44,203.24
10975,7,120.89,21,0,0.19,0.48,-0.85,67.5,-47.7,-143.6,-30.33,200.96,203.24
11000,7,120.89,21,0,0.18,0.51,-0.85,76.3,-36.7,-164.6,-26.96,201.44,203.24
11025,7,120.89,21,0,0.13,0.54,-0.89,83.3,-23.9,-184.4,-9.26,203.03,203.24
11050,7,119.96,21,0,0.18,0.51,-0.92,87.4,-9.6,-202.1,-9.26,203.03,203.25
11075,7,119.96,21,0,0.08,0.68,-0.87,78.3,9.7,-232.3,-18.53,202.4,203.25
11100,7,119.04,21,0,0.01,0.73,-0.93,54.1,9.2,-243.2,-15.16,202.69,203.25
11125,7,119.04,21,0,0.09,0.69,-0.94,35.4,6.4,-253.7,-18.53,202.41,203.26
11150,7,119.04,21,0,0.04,0.79,-0.97,21.6,3.3,-263.4,-18.53,202.41,203.26
11175,7,119.04,21,0,-0.01,0.87,-0.93,11.4,-0.4,-268.4,-18.53,202.42,203.27
11200,7,117.19,21,0,0.01,0.81,-0.98,15.3,7.5,-271.6,-9.26,203.06,203.27
11225,7,117.19,21,0,-0.04,0.93,-0.98,24.2,31.9,-274.9,-27.79,201.37,203.28
11250,7,117.19,21,0,-0.16,0.97,-0.93,26.5,63.2,-272.3,-18.52,202.44,203.29
11275,7,115.33,21,0,-0.22,0.96,-0.88,12.9,105.8,-257.8,-18.52,202.45,203.29
11300,7,115.33,21,0,-0.26,0.98,-0.85,-1.2,125.8,-248.7,-37.05,199.9,203.3
11325,7,116.26,21,0,-0.23,1.02,-0.82,-16.5,138.2,-241.2,-37.05,199.91,203.31
11350,7,116.26,21,0,-0.23,1.03,-0.84,-31.7,147.9,-234.4,-9.26,203.11,203.32
11375,7,114.74,21,0,-0.22,1.13,-0.8,-53.6,150.5,-216.2,-9.26,203.12,203.33
11400,7,114.41,21,0,-0.39,1.07,-0.85,-53.3,131.7,-191.6,-24.42,201.87,203.34
11425,7,113.82,21,0,-0.16,1.14,-0.8,-50.2,115.2,-178.5,-9.26,203.14,203.35
11450,7,114.74,21,0,-0.37,1.18,-0.76,-47.8,110.1,-160.9,-15.15,202.79,203.36
11475,7,112.98,21,0,-0.41,1.12,-0.74,-41.3,96.2,-121.3,-15.15,202.8,203.37
11500,7,112.98,21,0,-0.22,1.19,-0.71,-36.7,94,-97.6,-32.83,200.71,203.38
11525,7,112.98,21,0,-0.41,1.1,-0.65,-33,88.2,-72.8,-17.67,202.62,203.39
11550,7,112.98,21,0,-0.29,1.14,-0.63,-26.6,85.9,-46,-14.31,202.9,203.4
11575,7,111.71,21,0,-0.34,1.07,-0.66,-10.8,81.8,5,-8.41,203.24,203.41
11600,7,111.12,21,0,-0.36,1.1,-0.67,1.9,79.2,33.9,-30.3,201.15,203.42
11625,7,111.12,21,0,-0.34,1.09,-0.67,16.5,79.6,59,-18.52,202.59,203.43
11650,7,110.2,21,0,-0.3,1.04,-0.68,28.5,79.7,78.1,-18.52,202.6,203.44
11675,7,110.2,21,0,-0.27,1.05,-0.74,49.1,76.7,106.2,-27.77,201.55,203.45
11700,7,110.2,21,0,-0.21,1.04,-0.76,60.2,75.4,117.6,-27.77,201.56,203.46
11725,7,110.2,21,0,-0.2,1.03,-0.79,68.7,72.9,126.9,-15.14,202.91,203.47
11750,7,109.27,21,0,-0.2,1.01,-0.81,75.8,67.7,136.4,-9.25,203.27,203.48
11775,7,109.27,21,0,-0.11,0.94,-0.77,85.5,59.6,145.3,-18.51,202.65,203.49
11800,7,109.27,21,0,-0.08,0.91,-0.8,88.7,58.5,142.6,-9.26,203.29,203.5
11825,7,109.27,21,0,-0.13,0.88,-0.87,91.9,63.2,141.1,-9.26,203.29,203.5
11850,7,109.27,21,0,-0.02,0.87,-0.87,90.8,63,138.7,-9.26,203.3,203.51
11875,7,108.35,21,0,0,0.85,-0.86,88.6,66.6,124.4,-9.26,203.31,203.52
11900,7,108.35,21,0,0.01,0.81,-0.84,82.8,61.3,115.6,-9.25,203.31,203.52
11925,7,108.35,21,0,0.11,0.77,-0.85,80.5,58.8,102.2,-9.25,203.32,203.53
11950,7,107.42,21,0,0.13,0.81,-0.81,82.1,59.7,83,-9.25,203.32,203.54
11975,7,107.42,21,0,0.21,0.78,-0.77,84.9,61.5,45.8,-18.5,202.7,203.54
12000,7,107.42,21,0,0.23,0.76,-0.77,88.5,59.5,21.4,-18.5,202.7,203.55
12025,7,107.42,21,0,0.29,0.71,-0.77,91,54.6,-3.9,-9.25,203.34,203.55
12050,7,106.49,21,0,0.29,0.82,-0.74,98.5,51.1,-27,-9.25,203.34,203.55
12075,7,105.57,21,0,0.34,0.71,-0.77,104.5,43.9,-68.8,-18.51,202.71,203.56
12100,7,106.49,21,0,0.36,0.75,-0.73,109.6,40.4,-94.9,-18.51,202.72,203.56
12125,7,105.57,21,0,0.4,0.8,-0.78,113.3,34.4,-120,-9.25,203.35,203.56
12150,7,105.57,21,0,0.37,0.84,-0.78,117.9,24.7,-142.4,-18.51,202.72,203.57
12175,7,104.98,21,0,0.3,0.88,-0.67,130,16.8,-179.1,-18.51,202.73,203.57
12200,7,104.64,21,0,0.22,0.9,-0.7,135.2,15.2,-195.5,-15.14,203.01,203.58
12225,7,103.8,21,0,0.27,1,-0.75,142.9,16.5,-206.9,-9.25,203.37,203.58
12250,7,103.8,21,0,0.17,0.96,-0.77,150.9,21.5,-217.4,-26.91,201.8,203.59
12275,7,103.21,21,0,0.1,1.01,-0.87,156.6,31,-228.2,-17.66,202.83,203.59
12300,7,102.88,21,0,-0.09,0.87,-0.84,157.2,44.9,-231.2,-23.55,202.23,203.6
12325,7,101.95,21,0,0.09,0.98,-0.87,152.8,57.3,-234.4,-21.03,202.52,203.61
12350,7,102.29,21,0,-0.04,0.96,-0.8,142.9,70.3,-234.8,-26.91,201.83,203.61
12375,7,101.36,21,0,-0.09,0.92,-0.74,116.8,95.5,-239.1,-15.14,203.06,203.62
12400,7,100.1,21,0,-0.06,0.9,-0.75,92.5,101.5,-239.4,-24.39,202.16,203.63
12425,7,100.44,21,0,-0.12,0.91,-0.74,67.7,105.8,-239.3,-31.11,201.25,203.64
12450,7,99.51,21,0,-0.13,0.96,-0.83,45.2,104.1,-235.5,-24.38,202.18,203.64
12475,7,99.51,21,0,-0.14,1.06,-0.97,16.1,94.4,-222.4,-24.38,202.19,203.65
12500,7,98.59,21,0,-0.11,1.1,-0.99,9.4,92.7,-209.3,-27.74,201.76,203.66
12525,7,98.59,21,0,-0.36,1.11,-1.01,9,89.9,-185.6,-27.74,201.77,203.67
12550,7,97.33,21,0,-0.15,1.17,-1.03,15.2,77.1,-158.9,-15.13,203.12,203.68
12575,7,97.66,21,0,-0.29,1.13,-1,25.3,81.2,-111.5,-31.11,201.3,203.69
12600,7,97.33,21,0,-0.44,1.05,-1.02,31.3,85.5,-84.3,-18.49,202.86,203.7
12625,7,97.66,21,0,-0.35,1.04,-1.02,32.2,93,-60.6,-21.85,202.53,203.71
12650,7,97.66,21,0,-0.42,0.95,-1.02,32.1,96.8,-37.4,-9.25,203.51,203.72
12675,7,96.74,21,0,-0.34,0.9,-0.98,24.1,98.2,-5.4,-9.25,203.52,203.73
12700,7,95.82,21,0,-0.41,0.94,-0.95,17.3,101.6,9.2,-5.88,203.65,203.74
12725,7,95.82,21,0,-0.3,0.9,-0.9,8.8,112.7,18,-18.48,202.91,203.75
12750,7,94.97,21,0,-0.3,0.87,-0.89,4.5,98.8,34,-15.12,203.19,203.76
12775,7,95.82,21,0,-0.34,0.96,-0.87,-1.7,85.9,53.4,-26.89,201.98,203.77
12800,7,94.97,21,0,-0.16,0.91,-0.81,-6.1,78.2,62.5,-18.48,202.93,203.77
12825,7,94.97,21,0,-0.22,1.02,-0.93,-8.8,76.4,64.6,-17.64,203.02,203.78
12850,7,94.64,21,0,-0.2,1.11,-0.94,-3.1,86,68.4,-8.4,203.62,203.79
12875,7,94.97,21,0,-0.15,1.1,-0.9,7.3,72.6,75.9,-11.76,203.46,203.8
12900,7,94.05,21,0,-0.17,1.09,-0.75,13.2,67.7,81.9,0,203.81,203.81
12925,7,93.71,21,0,0.02,1.08,-0.89,18.8,63.2,81.1,-17.64,203.05,203.82
12950,7,94.05,21,0,0.08,1.06,-0.83,22.8,52.7,77.7,-12.6,203.44,203.83
12975,7,93.13,21,0,0.07,1.01,-0.78,28.2,39.4,68.1,-9.24,203.63,203.83
13000,7,93.13,21,0,0.13,1.03,-0.86,32.8,29.9,60.5,-15.12,203.28,203.84
13025,7,93.13,21,0,0.11,1,-0.84,37.6,22.1,50.8,-18.48,203.01,203.85
13050,7,93.13,21,0,0.1,1.07,-0.79,48.1,20.9,42.6,-9.24,203.65,203.86
13075,7,92.2,21,0,0.18,0.94,-0.7,68.3,19.3,24.2,-5.88,203.78,203.86
13100,7,92.2,21,0,0.11,0.96,-0.66,75.7,18.4,13.4,-18.48,203.03,203.87
13125,7,93.13,21,0,0.13,0.9,-0.62,81.6,21,2.2,-9.24,203.67,203.88
13150,7,91.28,21,0,0.11,0.85,-0.56,80.4,23.3,-10.7,0,203.88,203.88
13175,7,91.28,21,0,0.06,0.82,-0.55,72,30.1,-38.5,-18.48,203.05,203.89
13200,7,91.28,21,0,0.15,0.86,-0.52,65.5,33.2,-53.8,-18.48,203.05,203.89
13225,7,90.35,21,0,0.1,0.79,-0.59,58.5,33.9,-70.2,-9.23,203.69,203.9
13250,7,90.35,21,0,0.17,0.88,-0.63,52.6,33.2,-87.8,-18.48,203.07,203.9
13275,7,88.51,21,0,0.15,0.94,-0.79,53.3,24.4,-117.6,-27.72,202.02,203.91
13300,7,88.51,21,0,0.15,1,-0.8,59.1,15.4,-131.9,-27.72,202.02,203.92
13325,7,89.43,21,0,0.17,1.07,-0.9,68.1,6.3,-143.7,-27.72,202.03,203.92
13350,7,88.51,21,0,0.18,1.06,-0.92,76.2,-5.4,-149.6,-18.48,203.09,203.93
13375,7,87.58,21,0,-0.02,1.02,-0.9,89,-11.7,-154.9,-18.48,203.1,203.94
13400,7,87.58,21,0,0,1,-0.9,91.2,-9.5,-155.3,-27.71,202.05,203.95
13425,7,86.66,21,0,-0.02,0.94,-0.93,92,-2.5,-154.1,-9.23,203.74,203.95
13450,7,86.66,21,0,-0.1,0.98,-1.01,90.5,10.4,-151.6,-18.47,203.12,203.96
13475,7,84.89,21,0,-0.16,0.91,-1.09,84.7,42.6,-144.2,-27.71,202.08,203.97
13500,7,86.15,21,0,-0.15,0.9,-1.08,80.2,68.2,-140.8,-36.1,200.76,203.98
13525,7,85.82,21,0,-0.15,0.85,-0.95,72.1,95.2,-139.1,-14.27,203.48,203.98
13550,7,84.89,21,0,-0.22,0.86,-0.95,59.7,116.6,-138.3,-17.63,203.23,203.99
13575,7,83.97,21,0,-0.16,0.79,-0.87,31.6,146.9,-140.5,-17.63,203.24,204
13600,7,83.97,21,0,-0.14,0.8,-0.91,12.5,155.3,-143.1,-26.86,202.23,204.01
13625,7,83.97,21,0,-0.09,0.81,-0.93,-4.8,159.4,-147.7,-9.23,203.8,204.01
13650,7,85.23,21,0,-0.04,0.88,-0.96,-20.7,156.8,-153,-21.82,202.85,204.02
13675,7,84.31,21,0,0,1.03,-1.06,-32.8,140.4,-161,-5.87,203.94,204.03
13700,7,83.97,21,0,0.02,1.1,-1.07,-27.7,125.8,-159.6,-5.87,203.95,204.03
13725,7,83.05,21,0,-0.03,1.15,-1.01,-17.8,110.3,-154.9,0,204.04,204.04
13750,7,83.38,21,0,-0.05,1.13,-0.88,-7.2,95.7,-144.2,-9.23,203.84,204.05
13775,7,83.05,21,0,-0.13,1.16,-0.88,5.6,77.6,-121.1,-5.87,203.98,204.06
13800,7,82.12,21,0,-0.13,1.09,-0.93,16.6,53.6,-98,-21.82,202.9,204.07
13825,7,82.12,21,0,-0.06,1.06,-0.9,25.1,52.6,-84.8,-21.83,202.91,204.08
13850,7,81.54,21,0,-0.31,1.01,-0.92,31.7,61.8,-70.5,-18.46,203.25,204.09
13875,7,80.61,21,0,-0.24,1.04,-0.92,44.5,57.1,-30.7,-15.11,203.54,204.1
13900,7,81.54,21,0,-0.33,0.98,-0.87,47.2,62,-12.7,-27.69,202.22,204.11
13925,7,79.35,21,0,-0.33,0.94,-0.8,47.7,66.4,5.5,-15.11,203.56,204.12
13950,7,80.61,21,0,-0.38,0.9,-0.74,46.2,71.3,23,-27.69,202.24,204.12
13975,7,79.35,21,0,-0.3,0.86,-0.73,38.3,79.9,46.7,-15.1,203.57,204.13
14000,7,78.77,21,0,-0.36,0.88,-0.81,34.1,90.1,57.5,-21.82,202.97,204.14
14025,7,78.43,21,0,-0.29,0.89,-0.81,32.2,98.8,69.4,-18.46,203.31,204.15
14050,7,79.69,21,0,-0.23,0.89,-0.83,33.2,109.9,73.5,-31.04,201.78,204.16
14075,7,78.77,21,0,-0.14,0.95,-0.89,44.4,126.7,75.6,3.35,204.14,204.17
14100,7,77.93,21,0,-0.06,0.98,-0.93,58.3,131.9,76.1,-18.46,203.34,204.18
14125,7,78.77,21,0,0,0.99,-0.94,75.7,133.7,73.4,-14.26,203.68,204.18
14150,7,77.51,21,0,0.03,1.01,-0.94,91.4,127.4,70.7,0,204.19,204.19
14175,7,77.93,21,0,0.12,0.95,-0.92,113.3,108,54.1,-9.22,203.99,204.2
14200,7,77.93,21,0,0.19,0.87,-0.86,118.9,94.6,37,-17.62,203.44,204.2
14225,7,76.67,21,0,0.21,0.82,-0.89,119.4,78.5,16.4,-8.38,204.04,204.21
14250,7,77.93,21,0,0.22,0.79,-0.89,117.4,61.7,-7.7,-12.58,203.83,204.22
14275,7,76.08,21,0,0.22,0.75,-0.9,104,34.8,-54.3,-8.38,204.05,204.22
14300,7,76.08,21,0,0.21,0.71,-0.9,92.7,20.4,-77.4,-14.26,203.73,204.22
14325,7,75.75,21,0,0.2,0.76,-0.89,86,12.2,-100.2,-18.45,203.39,204.23
14350,7,76.08,21,0,0.12,0.76,-0.87,79.3,6.8,-118.5,-21.81,203.06,204.23
14375,7,75.16,21,0,0.06,0.76,-0.84,69.7,8.2,-143.6,-5.87,204.15,204.24
14400,7,75.16,21,0,0.05,0.81,-0.8,64.9,13.6,-154.2,-27.68,202.36,204.24
14425,7,75.16,21,0,-0.02,0.81,-0.78,59.1,22.4,-163,-9.23,204.04,204.25
14450,7,74.24,21,0,-0.06,0.81,-0.72,50.2,31.8,-169.1,-9.23,204.05,204.26
14475,7,73.31,21,0,-0.13,0.86,-0.76,34.1,45.5,-172.1,-15.1,203.7,204.26
14500,7,73.31,21,0,-0.13,0.88,-0.79,23.2,52.7,-171.2,-27.67,202.39,204.27
14525,7,72.39,21,0,-0.16,0.92,-0.81,14.6,59.4,-166.6,-18.44,203.44,204.28
14550,7,71.47,21,0,-0.24,0.97,-0.84,8.9,68,-159.1,-27.67,202.4,204.28
14575,7,71.47,21,0,-0.2,1.02,-0.78,4.2,86.2,-143.8,-36.89,200.93,204.29
14600,7,70.55,21,0,-0.24,1.03,-0.79,3.1,95.7,-135.8,-27.67,202.42,204.3
14625,7,70.55,21,0,-0.22,1.05,-0.79,4.4,106.7,-127.6,-27.67,202.43,204.31
14650,7,70.55,21,0,-0.25,1.08,-0.76,6.4,114.9,-118.7,-27.67,202.44,204.32
14675,7,69.62,21,0,-0.29,1.1,-0.78,15.4,121,-97.9,-18.44,203.5,204.33
14700,7,69.62,21,0,-0.23,1.09,-0.79,23.8,126.3,-86,-18.44,203.51,204.34
14725,7,68.79,21,0,-0.25,1.09,-0.72,31.2,124.6,-72.2,-18.44,203.52,204.35
14750,7,68.79,21,0,-0.22,1.13,-0.74,37.9,124.3,-60.3,-17.6,203.6,204.36
14775,7,68.79,21,0,-0.28,1.07,-0.76,50.1,122.5,-38.5,-17.6,203.61,204.37
14800,7,68.79,21,0,-0.16,1.11,-0.76,54.8,116.9,-25.9,-17.6,203.62,204.38
14825,7,67.86,21,0,-0.18,1.06,-0.76,58,110.2,-14.3,-8.37,204.22,204.39
14850,7,67.86,21,0,-0.19,1.06,-0.73,59.1,105.4,-7.4,-17.6,203.64,204.4
14875,7,66.94,21,0,-0.14,0.99,-0.75,55.5,82.3,8.3,-9.22,204.2,204.41
14900,7,66.94,21,0,-0.11,1,-0.79,52.1,73.2,13.9,-18.44,203.58,204.42
14925,7,68.2,21,0,-0.14,0.95,-0.82,49,69.2,17.8,-18.44,203.59,204.43
14950,7,66.94,21,0,-0.09,0.96,-0.77,45.6,65.3,20.3,-5.87,204.35,204.43
14975,7,66.02,21,0,-0.08,0.96,-0.8,40.5,54.6,27.1,-9.21,204.23,204.44
15000,7,66.02,21,0,-0.11,0.98,-0.84,37.6,47.6,31.6,-18.44,203.62,204.45
15025,7,65.1,21,0,-0.08,0.97,-0.79,35.1,41.3,35.2,-9.22,204.25,204.46
15050,7,65.1,21,0,-0.11,0.96,-0.76,33,37.9,37.3,-18.43,203.63,204.47
15075,7,64.18,21,0,-0.09,0.96,-0.8,31.7,34.2,37.8,-31,202.11,204.47
15100,7,65.1,21,0,-0.05,1.02,-0.82,30.7,29.7,39.7,-27.65,202.6,204.48
15125,7,64.18,21,0,-0.03,1.05,-0.88,32.9,28.6,40.9,-9.21,204.28,204.49
15150,7,64.18,21,0,-0.04,1.06,-0.88,37.7,27.4,40.6,-18.43,203.67,204.5
15175,7,63.26,21,0,0,1.04,-0.89,49.6,26.6,37.3,-9.21,204.3,204.51
15200,7,63.59,21,0,-0.03,1.06,-0.88,58.8,26.1,35.7,-18.43,203.68,204.52
15225,7,62.33,21,0,0.03,1.03,-0.85,67.7,24,34.4,-5.86,204.44,204.52
15250,7,63.59,21,0,0.04,1.04,-0.91,77.5,24.8,30.6,-27.64,202.65,204.53
15275,7,62.33,21,0,0.06,0.98,-0.92,94.1,27.9,21.6,-5.86,204.46,204.54
15300,7,62.67,21,0,0.09,0.93,-0.95,101.4,30.4,13.6,-18.43,203.71,204.55
15325,7,61.41,21,0,0.1,0.91,-0.99,106.7,34.6,3.4,-5.86,204.47,204.55
15350,7,61.41,21,0,-0.03,0.84,-0.98,109.4,36.3,-8.9,-21.78,203.4,204.56
15375,7,61.41,21,0,0.11,0.91,-0.98,106.6,33,-32.9,-9.21,204.36,204.57
15400,7,61.75,21,0,0.18,0.79,-0.98,94.6,19,-45.9,-21.78,203.41,204.57
15425,7,60.49,21,0,0.12,0.79,-0.97,85.4,13.3,-65.1,-5.86,204.49,204.58
15450,7,60.49,21,0,0.15,0.78,-0.97,75.5,8.3,-80.9,-21.78,203.42,204.58
15475,7,60.49,21,0,0.06,0.88,-1.05,59.4,5.5,-106.7,-9.21,204.38,204.59
15500,7,59.99,21,0,0.05,0.93,-1.15,52.3,3.9,-116.9,-9.21,204.39,204.59
15525,7,58.73,21,0,0.04,0.94,-1.11,45.4,3.2,-121.6,-14.24,204.1,204.6
15550,7,59.99,21,0,-0.06,1,-1.18,39.9,3.6,-121.4,-30.15,202.37,204.61
15575,7,57.81,21,0,-0.06,0.98,-1.15,39.4,10.5,-113.9,-5.02,204.55,204.62
15600,7,58.15,21,0,-0.17,1,-1.17,45.6,17.4,-102.4,-26.79,202.86,204.62
15625,7,59.07,21,0,-0.09,0.96,-1.09,46.4,25.7,-88.7,-23.44,203.28,204.63
15650,7,57.22,21,0,-0.05,0.89,-1.03,58.5,57,-88.5,-9.21,204.43,204.64
15675,7,57.22,21,0,-0.04,0.9,-0.93,72.3,110.7,-96.6,-15.07,204.09,204.65
15700,7,57.22,21,0,-0.03,0.9,-1.06,73.5,133.8,-101.3,-27.63,202.78,204.65
15725,7,57.22,21,0,0.04,0.89,-1.02,75.6,155.5,-110.4,-5.86,204.58,204.66
15750,7,57.22,21,0,0,0.92,-0.91,70.6,166.5,-119.7,-9.2,204.46,204.67
15775,7,56.3,21,0,0.19,0.98,-0.99,54.5,162.1,-143.1,-18.42,203.85,204.68
15800,7,56.3,21,0,0.17,0.96,-0.96,44.3,147.3,-160.5,-9.21,204.47,204.68
15825,7,55.38,21,0,0.16,1.04,-0.95,35.4,126,-174.9,-9.21,204.48,204.69
15850,7,55.38,21,0,0.29,1.15,-0.91,31.1,101.5,-184.7,-18.42,203.87,204.7
15875,7,54.46,21,0,0.14,1.17,-0.86,33.8,69.1,-191.5,-18.42,203.87,204.7
15900,7,52.62,21,0,0.01,1.17,-0.82,39.1,52,-185.2,-27.62,202.84,204.71
15925,7,53.54,21,0,-0.06,1.15,-0.79,46.7,47.6,-179.9,-36.83,201.38,204.72
15950,7,53.54,21,0,-0.07,1.21,-0.82,53.8,41.5,-165.4,-27.62,202.86,204.73
15975,7,53.54,21,0,-0.19,1.09,-0.88,63,40.4,-136.8,-18.41,203.91,204.74
16000,7,52.62,21,0,-0.27,1.08,-0.92,65,44.3,-118,-18.41,203.92,204.75
16025,7,52.62,21,0,-0.32,1.02,-0.93,64.9,50.4,-98.4,-18.41,203.93,204.76
16050,7,51.7,21,0,-0.32,0.99,-0.93,60.2,59.7,-81.2,0,204.77,204.77
16075,7,51.7,21,0,-0.37,0.9,-0.84,45,80.8,-54.3,-18.4,203.95,204.78
16100,7,51.7,21,0,-0.36,0.87,-0.82,32.8,85.7,-39.3,-18.41,203.96,204.79
16125,7,50.86,21,0,-0.33,0.86,-0.82,18,92,-27.4,-18.4,203.97,204.8
16150,7,49.94,21,0,-0.31,0.9,-0.85,5.4,97.7,-16.3,-17.57,204.05,204.81
16175,7,50.86,21,0,-0.33,0.94,-0.93,-9.4,100.7,1,-26.78,203.06,204.81
16200,7,49.94,21,0,-0.29,0.99,-0.94,-12.2,100.4,11.8,-8.36,204.65,204.82
16225,7,49.94,21,0,-0.23,1.03,-0.94,-9.1,98.7,22.7,-17.57,204.08,204.83
16250,7,49.02,21,0,-0.24,1.06,-0.88,-1.9,98.6,32.3,-17.57,204.09,204.84
16275,7,49.02,21,0,-0.16,1.12,-0.9,19.9,97.1,48.6,-18.41,204.02,204.85
16300,7,49.02,21,0,-0.11,1.16,-0.99,39.4,91.9,58.9,-9.2,204.66,204.86
16325,7,48.1,21,0,-0.09,1.18,-1.02,62.9,87.8,67.6,-18.41,204.04,204.87
16350,7,48.1,21,0,-0.07,1.21,-1.07,86.8,78.8,76.7,-18.4,204.05,204.88
16375,7,47.18,21,0,-0.04,1.11,-1.02,126.6,56.9,92,-18.4,204.06,204.89
16400,7,48.1,21,0,0,1.04,-1.01,144.9,49.3,98,-18.4,204.07,204.9
16425,7,47.18,21,0,-0.04,1,-0.95,160.6,42.4,104,-9.2,204.7,204.91
16450,7,47.18,21,0,-0.04,0.97,-0.99,172.9,35.6,108.6,-18.4,204.09,204.92
16475,7,46.26,21,0,-0.03,0.88,-1.05,187.4,26.9,107.4,-9.2,204.72,204.92
16500,7,46.26,21,0,0,0.82,-1.14,196.9,25,103,-18.4,204.1,204.93
16525,7,45.68,21,0,-0.04,0.82,-1.14,197.5,14.8,100.5,-9.19,204.73,204.94
16550,7,46.26,21,0,0.02,0.73,-1.24,194.9,6.5,94.1,-24.26,203.5,204.94
16575,7,46.26,21,0,0.04,0.61,-1.09,183,-1.4,71.4,-9.19,204.74,204.95
16600,7,45.34,21,0,0.04,0.45,-1.01,172.9,-5,52.2,-9.19,204.75,204.95
16625,7,45.34,21,0,0.22,0.37,-1,172.3,-5.7,36.9,-9.19,204.75,204.96
16650,7,45.34,21,0,0,0.42,-0.74,170.8,-4.4,18.9,-9.19,204.75,204.96
16675,7,45.34,21,0,0.24,0.42,-1.01,133,-7.2,-14.3,-3.34,204.93,204.96
16700,7,43.5,21,0,0.22,0.31,-1.08,111.1,-11.9,-36.5,-9.19,204.76,204.96
16725,7,43.5,21,0,0.27,0.25,-1.1,96.5,-18.6,-59.2,-27.59,203.1,204.96
16750,7,44.42,21,0,0.24,0.27,-1.07,89.3,-24.8,-82.9,-18.4,204.14,204.96
16775,7,44.76,21,0,0.26,0.31,-1.27,87.2,-38.9,-127.6,-9.2,204.76,204.96
16800,7,42.66,21,0,0.22,0.4,-1.14,87.3,-42.7,-153.7,-5.85,204.88,204.97
16825,7,43,21,0,0.2,0.4,-1.16,89.3,-42.1,-177.9,-26.76,203.21,204.97
16850,7,42.66,21,0,0.16,0.4,-0.92,94.9,-33.6,-198.6,-5.02,204.91,204.97
16875,7,43.5,21,0,0.16,0.5,-0.8,96.6,-0.2,-237.2,-8.36,204.8,204.97
16900,7,43,21,0,0.19,0.46,-0.85,91.9,22,-259.1,-9.19,204.77,204.97
16925,7,43,21,0,0.19,0.58,-0.91,81.2,40,-280.1,-17.56,204.22,204.98
16950,7,43.84,21,0,0.25,0.62,-0.99,63.8,54.7,-303.3,3.34,204.95,204.98
16975,7,43.84,21,0,0.27,0.86,-0.78,29.2,70.4,-343.7,8.36,204.81,204.98
17000,7,43,21,0,0.32,0.93,-0.93,14,69.6,-365.9,11.7,204.65,204.99
17025,7,43,21,0,0.43,0.97,-1.07,9.2,63.9,-379.3,-5.02,204.93,204.99
17050,7,42.08,21,0,0.23,1.18,-0.77,5.3,57.8,-389.4,0,205,205
17075,7,40.24,21,0,-0.02,1.24,-0.53,1.5,50.4,-384.6,-9.19,204.8,205.01
17100,7,39.32,21,0,-0.1,1.31,-0.44,1.1,48,-375,-35.95,201.84,205.02
17125,7,39.32,21,0,-0.21,1.25,-0.38,-1.1,46.3,-362,-45.14,199.99,205.03
17150,7,38.4,21,0,-0.33,1.26,-0.46,-0.2,44.1,-342.5,-36.78,201.71,205.04
17175,7,40.24,21,0,-0.47,1.18,-0.47,14,48.3,-292.4,-45.97,199.83,205.05
17200,7,39.32,21,0,-0.62,1.08,-0.41,19.6,51,-262.7,-18.39,204.24,205.06
17225,7,40.24,21,0,-0.61,1.15,-0.46,23.4,55.4,-227.7,-9.19,204.87,205.07
17250,7,40.24,21,0,-0.65,1.06,-0.49,30.1,62.1,-189.4,9.19,204.88,205.09
17275,7,41.16,21,0,-0.73,0.96,-0.52,35.4,77.6,-131.8,9.19,204.89,205.1
17300,7,41.16,21,0,-0.93,0.84,-0.67,36.3,88.8,-98.1,27.58,203.25,205.11
17325,7,39.65,21,0,-0.87,0.91,-0.69,41.8,97,-62.1,9.19,204.92,205.12
17350,7,39.32,21,0,-0.92,0.84,-0.72,46.3,105.5,-26.4,3.34,205.11,205.14
17375,7,38.4,21,0,-0.88,0.89,-0.95,59.6,113.6,30.7,-9.19,204.94,205.15
17400,7,38.4,21,0,-0.87,0.91,-0.92,71.6,114.7,62.3,-18.38,204.33,205.16
17425,7,39.65,21,0,-0.75,0.99,-0.92,81.6,109.3,92,-27.58,203.31,205.17
17450,7,36.9,21,0,-0.75,0.92,-0.98,87.9,98.8,120.1,-15.05,204.63,205.18
17475,7,35.14,21,0,-0.61,0.91,-0.96,91.8,67.7,165.6,-27.58,203.33,205.2
17500,7,35.14,21,0,-0.54,0.94,-0.99,90.9,46.5,191.2,-41.78,200.91,205.21
17525,7,33.89,21,0,-0.6,0.92,-1.18,85.3,32.3,213.4,-32.59,202.61,205.22
17550,7,34.22,21,0,-0.58,0.82,-1.21,81.5,19.7,233.9,-45.12,200.2,205.23
17575,7,33.3,21,0,-0.48,0.86,-1.2,80.1,2.4,268.3,-54.31,197.92,205.24
17600,7,33.3,21,0,-0.43,0.83,-1.23,74.8,1.7,280.7,-35.93,202.08,205.25
17625,7,32.38,21,0,-0.32,0.82,-1.17,68.7,9.7,286.9,-18.38,204.43,205.26
17650,7,32.38,21,0,-0.3,0.79,-1.14,62.2,23.6,285.9,-27.57,203.4,205.26
17675,7,32.05,21,0,-0.21,0.75,-1.1,63,42.4,278,-15.03,204.72,205.27
17700,7,32.05,21,0,0.21,0.94,-1.07,66.5,50.2,270.2,-21.72,204.13,205.28
17725,7,32.38,21,0,-0.08,0.72,-1.09,71.2,40.5,261.5,-12.52,204.9,205.28
17750,7,32.38,21,0,-0.03,0.63,-1.03,68.1,20.2,250.9,-9.18,205.09,205.29
17775,7,31.13,21,0,0.02,0.47,-1.06,46.8,-15.2,230.8,0,205.3,205.3
17800,7,30.21,21,0,0,0.44,-1.05,22,-34.8,213.4,-12.53,204.92,205.3
17825,7,30.21,21,0,0.04,0.41,-1.19,-6.5,-52.6,195.6,-18.37,204.48,205.3
17850,7,30.55,21,0,0.05,0.34,-1.19,-35.7,-66.9,179.6,-18.37,204.48,205.31
17875,7,29.63,21,0,-0.03,0.38,-1.12,-85,-83.5,151.7,-18.37,204.48,205.31
17900,7,29.63,21,0,-0.04,0.41,-1.13,-107.3,-87.7,139.5,-27.56,203.45,205.31
17925,7,29.63,21,0,-0.08,0.44,-1.23,-125.9,-89.4,130.2,-15.03,204.76,205.31
17950,7,29.63,21,0,-0.08,0.55,-1.24,-138.7,-89.2,123.4,-5.84,205.23,205.32
17975,7,29.63,21,0,-0.15,0.68,-1.25,-139.5,-80.8,121.7,-5.84,205.24,205.32
18000,7,28.71,21,0,-0.16,0.78,-1.41,-130,-72.9,124,-9.18,205.12,205.33
18025,7,27.79,21,0,-0.15,0.88,-1.53,-111.5,-63.8,129.1,-9.18,205.13,205.34
18050,7,28.71,21,0,-0.15,0.88,-1.46,-89.1,-53.8,134.8,-18.37,204.52,205.34
18075,7,28.71,21,0,-0.06,0.89,-1.53,-46.7,-37.8,143.1,-9.18,205.15,205.35
18100,7,27.79,21,0,-0.11,0.84,-1.47,-24.8,-29.8,145.9,-9.18,205.15,205.36
18125,7,27.79,21,0,-0.02,0.8,-1.39,-8.2,-24.5,145.2,-18.37,204.54,205.37
18150,7,27.79,21,0,-0.02,0.71,-1.26,1.9,-22.2,140.5,-9.18,205.17,205.37
18175,7,27.21,21,0,0,0.63,-1.1,3.6,-29.4,130,0,205.38,205.38
18200,7,26.87,21,0,0.06,0.58,-1.14,-2.2,-39.8,119.3,-15.03,204.83,205.38
18225,7,27.79,21,0,-0.02,0.57,-1.02,-13.4,-53.3,107.6,-18.37,204.56,205.39
18250,7,27.21,21,0,-0.02,0.6,-0.96,-25.5,-66.4,98.9,0,205.39,205.39
18275,7,27.21,21,0,-0.04,0.54,-0.86,-52,-81.1,81.2,-5.84,205.31,205.4
18300,7,26.04,21,0,0,0.57,-0.8,-64.3,-83.9,70.5,-5.84,205.32,205.4
18325,7,26.37,21,0,-0.02,0.63,-0.88,-72.3,-82.3,57.9,-11.68,205.07,205.41
18350,7,26.04,21,0,-0.03,0.71,-0.95,-76.8,-81.4,49.6,-5.01,205.35,205.41
18375,7,25.45,21,0,-0.06,0.79,-0.95,-72.3,-76.6,36.6,-17.53,204.67,205.42
18400,7,25.45,21,0,-0.04,0.84,-0.92,-67.2,-81.1,36,-17.53,204.67,205.42
18425,7,23.28,21,0,-0.04,0.86,-0.88,-60.5,-81.9,33.4,-17.53,204.68,205.43
18450,7,25.45,21,0,-0.02,0.94,-0.88,-52.7,-84.6,35,-27.54,203.58,205.44
18475,7,24.54,21,0,-0.08,0.98,-0.74,-37.8,-100.5,47.3,-9.18,205.24,205.44
18500,7,24.54,21,0,-0.12,1,-0.73,-30.9,-107.4,55.8,-15.02,204.9,205.45
18525,7,24.54,21,0,-0.08,1.03,-0.74,-25.2,-113.9,61.5,-9.18,205.26,205.46
18550,7,23.62,21,0,-0.08,1.03,-0.94,-15.8,-125.2,67.4,-9.18,205.26,205.47
18575,7,23.62,21,0,-0.16,0.95,-0.9,-9.7,-143.9,70.8,3.33,205.45,205.48
18600,7,23.62,21,0,-0.16,0.78,-0.82,-16,-149.2,72.5,-18.36,204.67,205.49
18625,7,23.62,21,0,-0.2,0.77,-0.79,-25.2,-151.9,74.3,-9.18,205.29,205.49
18650,7,22.7,21,0,-0.12,0.88,-0.79,-36.3,-154.8,70.9,-9.18,205.3,205.5
18675,7,22.7,21,0,-0.02,0.94,-0.9,-46.3,-144.9,76.9,-18.36,204.69,205.51
18700,7,21.78,21,0,-0.23,0.78,-0.61,-49.7,-138.2,80.6,-9.17,205.31,205.52
18725,7,21.78,21,0,-0.2,0.99,-0.68,-51.6,-128.4,85.1,-18.35,204.7,205.52
18750,7,22.11,21,0,0.17,0.78,-0.58,-48.9,-116.2,91.9,-18.35,204.71,205.53
18775,7,21.78,21,0,-0.36,1.02,-0.41,-43.7,-90.6,107.8,-15.02,204.99,205.54
18800,7,22.11,21,0,-0.43,0.51,-0.56,-40.3,-68.3,117.5,-9.17,205.34,205.55
18825,7,22.11,21,0,-0.34,1.04,-0.38,-26.6,-60.8,128.1,-5.84,205.47,205.56
18850,7,21.78,21,0,-0.19,1.06,-0.3,-14.7,-49.2,140.7,3.33,205.54,205.57
18875,7,22.11,21,0,-0.01,0.76,-0.62,7.3,-45.8,150.2,0,205.58,205.58
18900,7,20.86,21,0,0.04,0.97,-0.31,15.4,-41.9,157.5,0,205.58,205.58
18925,7,20.86,21,0,0.1,0.98,-0.31,28.3,-47.5,160.1,-9.18,205.38,205.59
18950,7,21.2,21,0,0.02,1.11,-0.5,41.5,-61.1,161.6,-12.51,205.22,205.6
18975,7,21.2,21,0,0.15,0.74,-0.7,67.9,-100.6,144.8,-9.17,205.4,205.61
19000,7,21.78,21,0,0.37,1.1,-0.74,83.2,-136.1,122.4,-5.84,205.53,205.61
19025,7,20.86,21,0,0.27,1.18,-0.79,100.2,-176.8,93.4,-3.33,205.59,205.62
19050,7,20.86,21,0,0.37,0.99,-0.8,109,-212.3,62,0,205.63,205.63
19075,7,19.95,21,0,0.24,0.81,-0.9,111.7,-252.5,23.8,0,205.63,205.63
19100,8,19.03,21,0,0.01,0.7,-1.01,103.5,-260.8,8.9,-12.51,205.26,205.64
19125,8,19.03,21,0,-0.11,0.57,-0.98,85.5,-259.2,-1,-21.69,204.49,205.64
19150,8,18.53,21,0,-0.23,0.68,-0.93,60,-243.1,-6.8,-27.54,203.79,205.65
19175,8,17.61,21,0,-0.49,0.45,-1.32,24.9,-196.7,-9.6,-23.36,204.32,205.65
19200,8,17.61,21,0,-0.33,0.43,-1.28,4.1,-144.5,-17.3,-32.53,203.07,205.66
19225,8,17.61,21,0,-0.44,0.47,-1.14,-17.9,-96.7,-22,-23.35,204.33,205.67
19250,8,17.61,21,0,-0.42,0.61,-0.96,-35.3,-53.6,-27.6,-14.17,205.18,205.67
19275,8,17.61,21,0,-0.31,0.71,-0.77,-57.7,-2.9,-36.4,-14.17,205.19,205.68
19300,8,17.28,21,0,-0.33,0.72,-0.82,-66.6,15.5,-40.4,-9.17,205.48,205.69
19325,8,16.69,21,0,-0.41,0.77,-0.89,-63.8,13.6,-42.3,-3.34,205.67,205.69
19350,8,16.69,21,0,-0.17,0.78,-0.99,-71.9,25.9,-42.9,-9.17,205.5,205.7
19375,8,16.69,21,0,-0.06,1.11,-1.06,-47.7,15.5,-25.9,-9.17,205.51,205.71
19400,8,15.44,21,0,-0.05,1.17,-0.91,-25,-2.1,-14.3,-9.17,205.51,205.72
19425,8,16.36,21,0,-0.1,1.14,-0.81,0,-26.6,4.7,-21.68,204.58,205.73
19450,8,15.77,21,0,-0.13,1.13,-0.76,27.6,-62.7,26.4,-9.17,205.53,205.74
19475,8,15.77,21,0,-0.24,1.03,-0.72,64.5,-94.9,55.9,-9.17,205.54,205.75
19500,8,15.77,21,0,-0.21,1.01,-0.67,80.7,-124.4,81.5,-9.17,205.55,205.76
19525,8,16.36,21,0,-0.16,0.97,-0.64,90.8,-147.8,100.5,-9.17,205.56,205.77
19550,8,15.77,21,0,-0.32,0.89,-0.65,90.9,-161.4,119.5,9.17,205.57,205.78
19575,8,14.86,21,0,-0.45,0.91,-0.7,81.2,-180.4,156.2,-5.83,205.7,205.79
19600,8,14.86,21,0,-0.42,0.97,-0.7,69.2,-168.8,172.5,-9.17,205.59,205.8
19625,8,13.61,21,0,-0.51,0.95,-0.69,53.7,-147.5,191.6,-9.17,205.6,205.81
19650,8,13.94,21,0,-0.51,0.97,-0.63,43.3,-128.1,209.8,-21.68,204.67,205.82
19675,8,12.1,21,0,-0.55,0.98,-0.6,32.7,-98.9,241.8,-24.18,204.4,205.83
19700,8,13.94,21,0,-0.52,1.02,-0.48,29.3,-81.2,253.2,-36.69,202.54,205.84
19725,8,12.69,21,0,-0.48,1.03,-0.49,27.9,-61.6,262.1,-9.17,205.65,205.85
19750,8,12.1,21,0,-0.43,0.99,-0.57,35.1,-42.8,266.4,-21.68,204.72,205.86
19775,8,12.1,21,0,-0.46,1.27,-0.66,59.9,3.5,279,-15.01,205.32,205.87
19800,8,11.77,21,0,-0.2,1.16,-0.77,76.3,6.2,293.3,-18.34,205.07,205.88
19825,8,12.1,21,0,-0.1,1.14,-0.89,94.4,2.3,302.9,-3.33,205.87,205.9
19850,8,12.1,21,0,0,1.1,-0.91,110.5,-6.4,301.7,-18.34,205.09,205.9
19875,8,11.19,21,0,0.11,0.77,-0.93,116.3,-37.5,283.9,-5.84,205.83,205.91
19900,8,12.1,21,0,0.08,0.7,-0.72,96.9,-60,264.1,-9.16,205.72,205.92
19925,8,12.1,21,0,0.09,0.51,-0.71,63.9,-77.6,243.9,0,205.92,205.92
19950,8,12.1,21,0,0.18,0.4,-0.84,29,-83.6,216.9,3.33,205.9,205.93
19975,8,11.19,21,0,0.04,0.27,-0.93,-20.6,-63,179.5,0,205.93,205.93
20000,8,11.19,21,0,0.09,0.3,-0.95,-44.5,-56.3,162.9,-9.16,205.73,205.93
20025,8,11.19,21,0,0,0.19,-0.97,-77.2,-43.5,146.5,0,205.93,205.93
20050,8,11.19,21,0,0.01,0.21,-0.93,-105.5,-29.6,131.7,-9.16,205.73,205.94
20075,8,10.27,21,0,0,0.36,-0.84,-129.4,-2.6,110,-9.16,205.73,205.94
20100,8,10.27,21,0,0.02,0.32,-0.73,-134.2,10.3,98.7,-18.33,205.12,205.94
20125,8,10.27,21,0,0.06,0.46,-0.62,-131.1,21.5,86.8,-9.16,205.74,205.94
